Departamento,Partido,Diputado,Marcas,Quedo
Atlantida,PARTIDO NACIONAL DE HONDURAS,RODOLFO IRIAS NAVAS,"42,761",SI
Atlantida,PARTIDO LIBERTAD Y REFUNDACION,CESAR HUMBERTO AGURCIA LOPEZ,"27,175",SI
Atlantida,PARTIDO NACIONAL DE HONDURAS,CARMEN ESPERANZA RIVERA PAGOAGA,"42,718",SI
Atlantida,PARTIDO LIBERAL DE HONDURAS,CHRISTIAN RENIERY SANTAMARIA,"28,499",SI
Atlantida,PARTIDO LIBERTAD Y REFUNDACION,AUDELIA RODRIGUEZ RODRIGUEZ,"27,138",SI
Atlantida,PARTIDO ANTICORRUPCION,KRITZA JERLIN PEREZ GALLEGOS,"14,574",SI
Atlantida,PARTIDO NACIONAL DE HONDURAS,RAMON ANTONIO LEVA BULNES,"37,854",SI
Atlantida,PARTIDO LIBERAL DE HONDURAS,MARIA ARACELY LEIVA PEÑA,"22,059",SI
Atlantida,PARTIDO DEMOCRATA CRISTIANO,GLORIA MARIA SARMIENTO NUÑEZ,"6,040",No
Atlantida,PARTIDO INNOVACION Y UNIDAD SD,BERNARD MARTINEZ VALERIO,"4,771",No
Atlantida,PARTIDO UNIFICACION DEMOCRATICA,MARIA ALBERTO HERNANDEZ,"2,091",No
Atlantida,PARTIDO FRENTE AMPLIO POLITICO ELECTORAL,CRISTOBAL CRISPI OLIVA MEJIA,"1,927",No
Atlantida,PARTIDO ALIANZA PATRIOTICA,DAGOBERTO CRUZ SANTOS,"1,194",No
Atlantida,PARTIDO LIBERTAD Y REFUNDACION,JOAQUIN BALDEMAR ALVARADO,"26,477",No
Atlantida,PARTIDO ANTICORRUPCION,TOMAS ANTONIO RAMIREZ HERNANDEZ,"14,230",No
Atlantida,PARTIDO NACIONAL DE HONDURAS,DANIEL FLORES VELASQUEZ,"36,670",No
Atlantida,PARTIDO LIBERAL DE HONDURAS,JERRY FRANCISCO SABIO AMAYA,"21,038",No
Atlantida,PARTIDO DEMOCRATA CRISTIANO,JOSE ARMANDO LOGAN,"5,507",No
Atlantida,PARTIDO INNOVACION Y UNIDAD SD,GLADYS LIZZETTE ZAPATA GUERRERO,"1,868",No
Atlantida,PARTIDO UNIFICACION DEMOCRATICA,ALDO JAVIER CARDONA ALVARADO,"2,048",No
Atlantida,PARTIDO FRENTE AMPLIO POLITICO ELECTORAL,NORMA PATRICIA GUEVARA GAMEZ,773,No
Atlantida,PARTIDO ALIANZA PATRIOTICA,MIRTHA ESTHER HERNANDEZ DOLMO,"1,090",No
Atlantida,PARTIDO LIBERTAD Y REFUNDACION,JOSE ANIBAL RODRIGUEZ MILLA,"26,374",No
Atlantida,PARTIDO ANTICORRUPCION,MARIE JEANNETTE KAWAS GIACOMAN,"13,102",No
Atlantida,PARTIDO NACIONAL DE HONDURAS,MARCO ANTONIO MIDENCE MILLA,"36,365",No
Atlantida,PARTIDO LIBERAL DE HONDURAS,GONZALO ANTONIO RIVERA,"19,054",No
Atlantida,PARTIDO DEMOCRATA CRISTIANO,JORGE ALBERTO ELVIR CRUZ,"3,196",No
Atlantida,PARTIDO INNOVACION Y UNIDAD SD,MELIDA JULIANA QUEVEDO RAMIREZ,"1,606",No
Atlantida,PARTIDO UNIFICACION DEMOCRATICA,JAVIER ARQUIMIDES MARTINEZ REYES,"2,028",No
Atlantida,PARTIDO FRENTE AMPLIO POLITICO ELECTORAL,ALICIA DE JESUS ALVAREZ ACOSTA,666,No
Atlantida,PARTIDO ALIANZA PATRIOTICA,OTILIA JANIN CARRASCO PONCE,855,No
Atlantida,PARTIDO LIBERTAD Y REFUNDACION,BELIN BEKKER ROSA CALIX,"26,071",No
Atlantida,PARTIDO ANTICORRUPCION,CARLOS ARTURO SAN MARTIN AMADOR,"10,516",No
Atlantida,PARTIDO NACIONAL DE HONDURAS,MARCIO RENE ESPINAL CARDONA,"35,149",No
Atlantida,PARTIDO LIBERAL DE HONDURAS,HECTOR PAVEL FAJARDO ORELLANA,"18,982",No
Atlantida,PARTIDO DEMOCRATA CRISTIANO,RAMON ANTONIO VARELA MEDINA,"2,717",No
Atlantida,PARTIDO INNOVACION Y UNIDAD SD,GUILLERMO ESCOTO RODRIGUEZ,"1,186",No
Atlantida,PARTIDO UNIFICACION DEMOCRATICA,PEDRO GUEVARA,"1,645",No
Atlantida,PARTIDO FRENTE AMPLIO POLITICO ELECTORAL,SANTOS ARISTEO LAINEZ HERNANDEZ,506,No
Atlantida,PARTIDO ALIANZA PATRIOTICA,MIRIAN ELIZABETH VILLANUEVA BLANCO,598,No
Atlantida,PARTIDO LIBERTAD Y REFUNDACION,GLORIA CRISTINA TORRES SEVILLA,"25,129",No
Atlantida,PARTIDO ANTICORRUPCION,GABRIELA GUZMAN MEJIA,"10,493",No
Atlantida,PARTIDO NACIONAL DE HONDURAS,FRANCIS YOLANDA CASTRO RODRIGUEZ,"30,678",No
Atlantida,PARTIDO LIBERAL DE HONDURAS,DOURNOFT DELMAR ALVARADO MC NAB,"18,255",No
Atlantida,PARTIDO DEMOCRATA CRISTIANO,ANA MARIBEL VALLE RIVERA,"2,638",No
Atlantida,PARTIDO INNOVACION Y UNIDAD SD,LIDIA ZENAIDA FERNANDEZ GARCIA,996,No
Atlantida,PARTIDO UNIFICACION DEMOCRATICA,RAMON NECTALY GUARDADO,"1,580",No
Atlantida,PARTIDO FRENTE AMPLIO POLITICO ELECTORAL,JUANA CONCEPCION AGUILAR AVELAR,414,No
Atlantida,PARTIDO ALIANZA PATRIOTICA,SILA CLARITZA MENA BURGOS,554,No
Atlantida,PARTIDO LIBERTAD Y REFUNDACION,JOSE MANUEL SANTOS VILLEDA,"25,038",No
Atlantida,PARTIDO ANTICORRUPCION,CARLOS MAURICIO ARGEÑAL CASTRO,"10,461",No
Atlantida,PARTIDO NACIONAL DE HONDURAS,IVETH OBDULIA MATUTE BETANCOURTH,"29,613",No
Atlantida,PARTIDO LIBERAL DE HONDURAS,IRIS LETICIA MOLINERO CANALES,"18,177",No
Atlantida,PARTIDO DEMOCRATA CRISTIANO,KENIA FABIOLA CHIESA ELVIR,"2,627",No
Atlantida,PARTIDO INNOVACION Y UNIDAD SD,ELBIN ANTONIO ORELLANA BERMUDEZ,889,No
Atlantida,PARTIDO UNIFICACION DEMOCRATICA,NOEMI YADIRA CASTAÑEDA LOPEZ,"1,162",No
Atlantida,PARTIDO FRENTE AMPLIO POLITICO ELECTORAL,VILMA YOLANDA PINEDA RAMIREZ,401,No
Atlantida,PARTIDO ALIANZA PATRIOTICA,VICTOR DANIEL ESCOBAR PEÑA,368,No
Atlantida,PARTIDO LIBERTAD Y REFUNDACION,JOSE ADALID RODRIGUEZ ROSA,"23,326",No
Atlantida,PARTIDO ANTICORRUPCION,OBDULIO MADRID ZERON,"10,333",No
Atlantida,PARTIDO LIBERAL DE HONDURAS,ALBA RUTH ZAVALA IRIAS,"14,963",No
Atlantida,PARTIDO DEMOCRATA CRISTIANO,KENNIA YAMILETH MONTERO MARTINEZ,"2,378",No
Atlantida,PARTIDO INNOVACION Y UNIDAD SD,YEIMY LIZBETH ZALDIVAR CASTELLANOS,861,No
Atlantida,PARTIDO UNIFICACION DEMOCRATICA,DARWIN ALEXANDER MONTOYA AYALA,798,No
Atlantida,PARTIDO FRENTE AMPLIO POLITICO ELECTORAL,MARCIO RENIERI CASTELLANOS,398,No
Atlantida,PARTIDO ALIANZA PATRIOTICA,FERMIN CORRALES ESTRADA,339,No
Atlantida,PARTIDO ANTICORRUPCION,RUTH BONILLA ARGUETA,"10,283",No
Atlantida,PARTIDO DEMOCRATA CRISTIANO,JOSUE ELEAZER ALEMAN IZCOA,948,No
Atlantida,PARTIDO INNOVACION Y UNIDAD SD,WARREN LOPEZ FLORES,561,No
Atlantida,PARTIDO UNIFICACION DEMOCRATICA,ALIX VIRGINIA ZAPATA,760,No
Atlantida,PARTIDO FRENTE AMPLIO POLITICO ELECTORAL,ARLEN CAROLINA MARTINEZ GUZMAN,285,No
Atlantida,PARTIDO ALIANZA PATRIOTICA,FRANCISCO JOSE ALVARADO ZALDIVAR,307,No
Colon,PARTIDO LIBERTAD Y REFUNDACION,WILFREDO PAZ ZUNIGA,"33,565",SI
Colon,PARTIDO NACIONAL DE HONDURAS,OSCAR RAMON NAJERA,"27,744",SI
Colon,PARTIDO LIBERTAD Y REFUNDACION,TATIANA NINOSKA CANALES GONZALES,"32,953",SI
Colon,PARTIDO LIBERAL DE HONDURAS,MIDENCE OQUELY MARTINEZ TURCIOS,"15,418",SI
Colon,PARTIDO NACIONAL DE HONDURAS,GHISELL PADILLA PELAYO,"25,566",No
Colon,PARTIDO ANTICORRUPCION,IRIS YAMILETH DUARTE ALEMAN,"2,681",No
Colon,PARTIDO UNIFICACION DEMOCRATICA,ADOLFO CASTAÑEDA PADILLA,734,No
Colon,PARTIDO FRENTE AMPLIO POLITICO ELECTORAL,LUIS ALONSO MEMBREÑO CASTILLO,698,No
Colon,PARTIDO INNOVACION Y UNIDAD SD,DOMINGO PINEDA BENITEZ,522,No
Colon,PARTIDO DEMOCRATA CRISTIANO,MARIA MAGDALENA BONILLA SANCHEZ,547,No
Colon,PARTIDO ALIANZA PATRIOTICA,MIQUEL ANGEL GARIN TEJEDA,270,No
Colon,PARTIDO LIBERTAD Y REFUNDACION,ADELMO RUBILIO RAMOS RIVERA,"32,667",No
Colon,PARTIDO LIBERAL DE HONDURAS,SAMUEL MARTINEZ DURON,"13,137",No
Colon,PARTIDO NACIONAL DE HONDURAS,CARLOS RAMON AGUILAR GUIFARRO,"24,766",No
Colon,PARTIDO ANTICORRUPCION,DANIA VALENTINA MENA ARZU,"1,901",No
Colon,PARTIDO UNIFICACION DEMOCRATICA,CORONADO AVILA MUNGUIA,666,No
Colon,PARTIDO FRENTE AMPLIO POLITICO ELECTORAL,KEILA LILIBETH CRUZ GARCIA,477,No
Colon,PARTIDO INNOVACION Y UNIDAD SD,WILSON ARMANDO SANCHEZ ROMERO,485,No
Colon,PARTIDO DEMOCRATA CRISTIANO,DOROTEO VENTURA SANTOS,316,No
Colon,PARTIDO ALIANZA PATRIOTICA,IDALIA JUDITH SUAZO CHIMILIO,155,No
Colon,PARTIDO LIBERTAD Y REFUNDACION,YONI RIVAS BAIRE,"30,063",No
Colon,PARTIDO LIBERAL DE HONDURAS,MAYRA ROSIBEL PAVON UMANZOR,"12,904",No
Colon,PARTIDO NACIONAL DE HONDURAS,SONIA YAMILETH GARCIA VILORIO,"22,925",No
Colon,PARTIDO ANTICORRUPCION,MELVIN ERIBERTO VELASQUEZ ARGUETA,"1,850",No
Colon,PARTIDO UNIFICACION DEMOCRATICA,BLANCA SULEMA PEREZ SAMBULA,315,No
Colon,PARTIDO FRENTE AMPLIO POLITICO ELECTORAL,DAISY SUYAPA CRUZ RAMOS,307,No
Colon,PARTIDO INNOVACION Y UNIDAD SD,ERIKA YAMILETH GALDAMEZ ROJAS,326,No
Colon,PARTIDO DEMOCRATA CRISTIANO,LEONARDO DAMIAN RAMOS MARTIN,286,No
Colon,PARTIDO ALIANZA PATRIOTICA,AURA YAMILETH MEDINA GUTIERRES,152,No
Colon,PARTIDO LIBERAL DE HONDURAS,ALFREDO DAVID RAMOS CASTILLO,"12,441",No
Colon,PARTIDO ANTICORRUPCION,LUIS ADAN OCHOA MATAMOROS,"1,846",No
Colon,PARTIDO UNIFICACION DEMOCRATICA,GLIRIAN YANIRA BARDALES GARRIDO,270,No
Colon,PARTIDO FRENTE AMPLIO POLITICO ELECTORAL,DANIS ORALIA RODRIGUEZ SANCHEZ,273,No
Colon,PARTIDO INNOVACION Y UNIDAD SD,KAREN LIZZETH MUNGUIA,261,No
Colon,PARTIDO DEMOCRATA CRISTIANO,JUANA ONEYDA HERNANDEZ CASTRO,263,No
Colon,PARTIDO ALIANZA PATRIOTICA,ONASIS SAMIR SERRANO ORTIZ,124,No
Comayagua,PARTIDO NACIONAL DE HONDURAS,JOSE MARIA MARTINEZ VALENZUELA,"58,917",SI
Comayagua,PARTIDO LIBERTAD Y REFUNDACION,YAVHE SALVADOR SABILLON CRUZ,"35,569",SI
Comayagua,PARTIDO NACIONAL DE HONDURAS,MIGUEL EDGARDO MARTINEZ PINEDA,"53,726",SI
Comayagua,PARTIDO LIBERAL DE HONDURAS,GLORIA ARGENTINA BONILLA BONILLA,"37,522",SI
Comayagua,PARTIDO LIBERTAD Y REFUNDACION,FANY PATRICIA VALLADARES ORTEGA,"34,061",SI
Comayagua,PARTIDO NACIONAL DE HONDURAS,GERARDO TULIO MARTINEZ PINEDA,"51,742",SI
Comayagua,PARTIDO ANTICORRUPCION,LILIAM YANETH VILLATORO GARCIA,"14,271",SI
Comayagua,PARTIDO LIBERAL DE HONDURAS,JOSE ARMANDO CERROS CHAVEZ,"26,254",No
Comayagua,PARTIDO UNIFICACION DEMOCRATICA,SAUL BENJAMIN ZAPATA MEJIA,"3,812",No
Comayagua,PARTIDO ALIANZA PATRIOTICA,DIANA LOURDES LOPEZ SIERRA,"4,022",No
Comayagua,PARTIDO FRENTE AMPLIO POLITICO ELECTORAL,JOSE DOLORES URQUIA LARA,"2,208",No
Comayagua,PARTIDO INNOVACION Y UNIDAD SD,FRANCISCO WILLIAN CABALLERO PAREDES,"2,021",No
Comayagua,PARTIDO DEMOCRATA CRISTIANO,SANTOS HUMBERTO HERNANDEZ MEJIA,"1,574",No
Comayagua,PARTIDO LIBERTAD Y REFUNDACION,JUAN RAMON FLORES BUEZO,"32,410",No
Comayagua,PARTIDO NACIONAL DE HONDURAS,DENIS ROBERTO VELASQUEZ YANES,"48,532",No
Comayagua,PARTIDO ANTICORRUPCION,GERARDO JAVIER SOLORZANO LEIVA,"12,212",No
Comayagua,PARTIDO LIBERAL DE HONDURAS,VICTOR MANUEL BARAHONA,"24,877",No
Comayagua,PARTIDO UNIFICACION DEMOCRATICA,ORLYN DANIEL FLORES MEJIA,"3,289",No
Comayagua,PARTIDO ALIANZA PATRIOTICA,JOSE ALBERTO MELGAR,"1,697",No
Comayagua,PARTIDO FRENTE AMPLIO POLITICO ELECTORAL,TIRSO SADY ULLOA ULLOA,"1,824",No
Comayagua,PARTIDO INNOVACION Y UNIDAD SD,ANTONIA ALVARADO,"1,580",No
Comayagua,PARTIDO DEMOCRATA CRISTIANO,JORGE ALBERTO ABREGO,"1,376",No
Comayagua,PARTIDO LIBERTAD Y REFUNDACION,ANCELMO ROMERO ULLOA,"31,410",No
Comayagua,PARTIDO NACIONAL DE HONDURAS,OSCAR EMILIO CRUZ PINEDA,"41,022",No
Comayagua,PARTIDO ANTICORRUPCION,LUCIANO ANTONIO PAZ AREVALO,"11,309",No
Comayagua,PARTIDO LIBERAL DE HONDURAS,VALENTIN SUAREZ OSEJO,"24,655",No
Comayagua,PARTIDO UNIFICACION DEMOCRATICA,MIGUEL ANGEL GALEANO MEJIA,"1,175",No
Comayagua,PARTIDO ALIANZA PATRIOTICA,MIRIAM HAYDE VALDIVIESO ARGUETA,"1,379",No
Comayagua,PARTIDO FRENTE AMPLIO POLITICO ELECTORAL,DIMAS RIVERA DISCUA,"1,617",No
Comayagua,PARTIDO INNOVACION Y UNIDAD SD,KAREN IVETH BENITEZ MORALES,895,No
Comayagua,PARTIDO DEMOCRATA CRISTIANO,ADA ELIZA FERNANDEZ MORALES,"1,024",No
Comayagua,PARTIDO LIBERTAD Y REFUNDACION,SALOMON CASTILLO OSORIO,"31,047",No
Comayagua,PARTIDO NACIONAL DE HONDURAS,ANA BELINDA VALENZUELA DUARTE,"40,571",No
Comayagua,PARTIDO ANTICORRUPCION,ALMA KARINA MEJIA SANCHEZ,"10,352",No
Comayagua,PARTIDO LIBERAL DE HONDURAS,GUILLERMO MARTINEZ SUAZO,"23,544",No
Comayagua,PARTIDO UNIFICACION DEMOCRATICA,MARTIUS LEONEL MAGAÑA CENTENO,952,No
Comayagua,PARTIDO ALIANZA PATRIOTICA,LUTHER CELESTINO HYDE ZAVALA,"1,281",No
Comayagua,PARTIDO FRENTE AMPLIO POLITICO ELECTORAL,YENY YOLANDA DOMINGUEZ AGUILAR,580,No
Comayagua,PARTIDO INNOVACION Y UNIDAD SD,MARIO ALEXIS MEZA DURON,813,No
Comayagua,PARTIDO DEMOCRATA CRISTIANO,TEGUALDA ANGELA GAETE SANTOS,841,No
Comayagua,PARTIDO LIBERTAD Y REFUNDACION,ADA EVILA SERRANO NUÑEZ,"30,618",No
Comayagua,PARTIDO NACIONAL DE HONDURAS,SANTOS DISCUA ZEPEDA,"39,732",No
Comayagua,PARTIDO ANTICORRUPCION,MIGUEL VIRGILIO RAMIREZ LOPEZ,"10,014",No
Comayagua,PARTIDO LIBERAL DE HONDURAS,OLMAN DANERY MALDONADO RUBIO,"19,719",No
Comayagua,PARTIDO UNIFICACION DEMOCRATICA,DUNIA LORENA LOPEZ CANALES,803,No
Comayagua,PARTIDO ALIANZA PATRIOTICA,FRANCISCO PAZ OSORIO,558,No
Comayagua,PARTIDO FRENTE AMPLIO POLITICO ELECTORAL,BERNARDINO ESPINOZA PALMA,467,No
Comayagua,PARTIDO INNOVACION Y UNIDAD SD,MARIA ZONIA PACHECO CARRANZA,708,No
Comayagua,PARTIDO DEMOCRATA CRISTIANO,MARIA EVANGELINA CHAVER BANEGAS,779,No
Comayagua,PARTIDO LIBERTAD Y REFUNDACION,JUAN CARLOS AVILA AVILA,"28,312",No
Comayagua,PARTIDO ANTICORRUPCION,JOSE ARMANDO CALDERON RAMIREZ,"10,000",No
Comayagua,PARTIDO LIBERAL DE HONDURAS,MARTHA LIDYA RIVERA TORRES,"12,399",No
Comayagua,PARTIDO UNIFICACION DEMOCRATICA,DERLING ONDINA ALFARO CARRANZA,768,No
Comayagua,PARTIDO ALIANZA PATRIOTICA,MAURICIO BONILLA GARCIA,523,No
Comayagua,PARTIDO FRENTE AMPLIO POLITICO ELECTORAL,ENA FELICITA GUILLEN ESCOBAR,452,No
Comayagua,PARTIDO INNOVACION Y UNIDAD SD,GEOVANI SOTO,555,No
Comayagua,PARTIDO DEMOCRATA CRISTIANO,RENE ALEXANDER VENTURA C,758,No
Comayagua,PARTIDO ANTICORRUPCION,WALTERINA RAMIREZ FLORES,"9,681",No
Comayagua,PARTIDO UNIFICACION DEMOCRATICA,GLORIA JULISSA RIVERA PADILLA,720,No
Comayagua,PARTIDO ALIANZA PATRIOTICA,NINA ROSARIO RODRIGUEZ RAMOS,500,No
Comayagua,PARTIDO FRENTE AMPLIO POLITICO ELECTORAL,MARIA ISNELDA MEJIA CANTOR,226,No
Comayagua,PARTIDO INNOVACION Y UNIDAD SD,ALBA CARIXA MARADIAGA MEJIA,502,No
Comayagua,PARTIDO DEMOCRATA CRISTIANO,LAURA MARINA ESCOTO MEJIA,650,No
Copan,PARTIDO NACIONAL DE HONDURAS,JOSE VICENTE LEON ROJAS,"53,910",SI
Copan,PARTIDO NACIONAL DE HONDURAS,HECTOR HUGO PINTO AGUILAR,"51,559",SI
Copan,PARTIDO LIBERAL DE HONDURAS,JOSE EDUARDO DE JESUS GAUGGEL MEDINA,"31,468",SI
Copan,PARTIDO LIBERTAD Y REFUNDACION,ELVIA ARGENTINA VALLE VILLALTA,"31,359",SI
Copan,PARTIDO NACIONAL DE HONDURAS,JORGE HUMBERTO PINTO PORTILLO,"46,334",SI
Copan,PARTIDO LIBERAL DE HONDURAS,LISANDRO MAURICIO ARIAS AQUINO,"30,332",SI
Copan,PARTIDO LIBERTAD Y REFUNDACION,JOSE OMAR RODRIGUEZ INTERIANO,"23,623",SI
Copan,PARTIDO NACIONAL DE HONDURAS,ROSMERY AYALA BATRES,"45,005",No
Copan,PARTIDO ANTICORRUPCION,FRANCIS OMAR CABRERA MIRANDA,"7,397",No
Copan,ALIANZA UD-FAPER,JORGE ARMANDO PLEITEZ PALENCIA,"2,646",No
Copan,PARTIDO DEMOCRATA CRISTIANO,EZEQUIEL MORALES TABORA,"2,310",No
Copan,PARTIDO INNOVACION Y UNIDAD SD,MAYKOL RICARTE LOPEZ MEJIA,509,No
Copan,PARTIDO LIBERAL DE HONDURAS,JULIO CESAR SANTOS TOBAR,"29,785",No
Copan,PARTIDO LIBERTAD Y REFUNDACION,EDWIN DAGOBERTO LOPEZ LONE,"21,470",No
Copan,PARTIDO NACIONAL DE HONDURAS,LOURDES ERNESTINA FAJARDO RAMOS,"43,892",No
Copan,PARTIDO ANTICORRUPCION,CESAR DANIEL BUESO ORELLANA,"3,952",No
Copan,ALIANZA UD-FAPER,HECTOR ALEXANDER ARITA MARTINEZ,"2,024",No
Copan,PARTIDO DEMOCRATA CRISTIANO,JUAN ANTONIO PEREZ MONTUFAR,799,No
Copan,PARTIDO INNOVACION Y UNIDAD SD,JOSE FRANCISCO TABORA DIAS,334,No
Copan,PARTIDO LIBERAL DE HONDURAS,JUAN CARLOS ELVIR MARTEL,"28,330",No
Copan,PARTIDO LIBERTAD Y REFUNDACION,MANUEL DE JESUS MEJIA,"20,321",No
Copan,PARTIDO NACIONAL DE HONDURAS,CARLOS ROBERTO GUEVARA VELASQUEZ,"43,709",No
Copan,PARTIDO ANTICORRUPCION,MARYORY MARIVIA MURILLO HERRERA,"3,254",No
Copan,ALIANZA UD-FAPER,MIGUEL ANGEL LOPEZ CONTRERAS,"1,162",No
Copan,PARTIDO DEMOCRATA CRISTIANO,DUNIA LISSETH MATA CHINCHILLA,426,No
Copan,PARTIDO INNOVACION Y UNIDAD SD,CLAUDIA MARIA LOPEZ LARA,284,No
Copan,PARTIDO LIBERAL DE HONDURAS,ELVIS EDGARDO LEMUS ESPAÑA,"19,323",No
Copan,PARTIDO LIBERTAD Y REFUNDACION,SCARLETH IVETTE ROMERO CANTARERO,"19,774",No
Copan,PARTIDO NACIONAL DE HONDURAS,JULIO CESAR GAMEZ INTERIANO,"42,012",No
Copan,PARTIDO ANTICORRUPCION,NELSON GERARDO TABORA ZERON,"3,048",No
Copan,ALIANZA UD-FAPER,RAUL ANTONIO MADRID ARGUETA,846,No
Copan,PARTIDO DEMOCRATA CRISTIANO,KATHERINE NASZARY MEJIA,317,No
Copan,PARTIDO INNOVACION Y UNIDAD SD,MIGUEL ANGEL REYES ERAZO,269,No
Copan,PARTIDO LIBERAL DE HONDURAS,TRANCITO MARIBEL CHINCHILLA SORTO,"18,506",No
Copan,PARTIDO LIBERTAD Y REFUNDACION,MARIO REYES,"16,652",No
Copan,PARTIDO ANTICORRUPCION,IRIS LISSETH BUESO POLANCO,"2,395",No
Copan,ALIANZA UD-FAPER,DIGNA ESPERANZA MEJIA,796,No
Copan,PARTIDO DEMOCRATA CRISTIANO,EDDAS MAURICIO GUEVARA HERNANDEZ,270,No
Copan,PARTIDO INNOVACION Y UNIDAD SD,HEYDI BEATRIZ PEREZ ARITA,238,No
Copan,PARTIDO LIBERAL DE HONDURAS,OSCAR VALENZUELA MORALES,"16,494",No
Copan,PARTIDO LIBERTAD Y REFUNDACION,GILMA JANETH TREJO BEJARANO,"16,280",No
Copan,PARTIDO ANTICORRUPCION,CARLOS ANTONIO ALVARADO ARITA,"2,362",No
Copan,ALIANZA UD-FAPER,LEIDY IVETH GUTIERREZ CORTES,539,No
Copan,PARTIDO DEMOCRATA CRISTIANO,DONIS MARLEN CACERES MEJIA,269,No
Copan,PARTIDO INNOVACION Y UNIDAD SD,DUVIS ONEYDA BAUTISTA CLAROS,213,No
Copan,PARTIDO ANTICORRUPCION,AGUEDA MARIA INTERIANO BAIDE,"2,155",No
Copan,ALIANZA UD-FAPER,MIRIAM VANESSA CRUZ MUÑOZ,431,No
Copan,PARTIDO DEMOCRATA CRISTIANO,NANCY FRANCISCA CASCO GOMEZ,215,No
Copan,PARTIDO INNOVACION Y UNIDAD SD,FATIMA ONDINA LOPEZ GARCIA,179,No
Cortes,PARTIDO ANTICORRUPCION,JAIME ENRIQUE VILLEGAS ROURA,"125,526",SI
Cortes,PARTIDO LIBERTAD Y REFUNDACION,JOSE EDGARDO CASTRO RODRIGUEZ,"108,080",SI
Cortes,PARTIDO NACIONAL DE HONDURAS,ALBERTO CHEDRANI CASTAÑEDA,"111,435",SI
Cortes,PARTIDO ANTICORRUPCION,FATIMA PATRICIA MENA BAIDE,"123,283",SI
Cortes,PARTIDO LIBERTAD Y REFUNDACION,SCHERLY MELISSA ARRIAGA GOMEZ,"101,794",SI
Cortes,PARTIDO NACIONAL DE HONDURAS,ARTURO BENDAÑA PINEL,"96,254",SI
Cortes,PARTIDO ANTICORRUPCION,LUIS ROLANDO REDONDO GUIFARRO,"121,503",SI
Cortes,PARTIDO LIBERAL DE HONDURAS,MARLON GUILLERMO LARA ORELLANA,"96,037",SI
Cortes,PARTIDO LIBERTAD Y REFUNDACION,JOSE LUIS CRUZ RIVERA,"98,233",SI
Cortes,PARTIDO NACIONAL DE HONDURAS,WELSY MILENA VASQUEZ LOPEZ,"94,342",SI
Cortes,PARTIDO ANTICORRUPCION,WALTER ALEX BANEGAS AGUILERA,"110,455",SI
Cortes,PARTIDO LIBERAL DE HONDURAS,ANGEL DARIO BANEGAS LEIVA,"84,663",SI
Cortes,PARTIDO LIBERTAD Y REFUNDACION,JOSE EDUARDO COTO BARNICA,"94,009",SI
Cortes,PARTIDO NACIONAL DE HONDURAS,YAUDET BURBARA CANAHUATI,"92,042",SI
Cortes,PARTIDO ANTICORRUPCION,LUIS RENE OLIVA ROMERO,"108,461",SI
Cortes,PARTIDO LIBERAL DE HONDURAS,RAFAEL TADEO NODARSE BANEGAS,"67,693",SI
Cortes,PARTIDO LIBERTAD Y REFUNDACION,YENNY YESSENIA MURILLO PEÑA,"93,861",SI
Cortes,PARTIDO NACIONAL DE HONDURAS,LEDA LIZETHE GARCIA PAGAN,"91,027",SI
Cortes,PARTIDO ANTICORRUPCION,ANIBAL JAVIER CALIX FUNEZ,"107,350",SI
Cortes,PARTIDO UNIFICACION DEMOCRATICA,EDWIN ROBERTO PAVON LEON,"24,072",SI
Cortes,PARTIDO INNOVACION Y UNIDAD SD,JOSE TORIBIO AGUILERA COELLO,"16,382",No
Cortes,PARTIDO DEMOCRATA CRISTIANO,SADIA YARARDIN ARGUETA HERNANDEZ,"9,032",No
Cortes,PARTIDO LIBERAL DE HONDURAS,CARLOS ANTONIO MARTINEZ ZEPEDA,"66,744",No
Cortes,PARTIDO ALIANZA PATRIOTICA,BRENDA PATRICIA ENAMORADO ALVARADO,"5,544",No
Cortes,PARTIDO FRENTE AMPLIO POLITICO ELECTORAL,SARA RAMIREZ SERRANO,"6,072",No
Cortes,PARTIDO LIBERTAD Y REFUNDACION,LAURA ELENA NORIEGA BARDALES,"93,391",No
Cortes,PARTIDO NACIONAL DE HONDURAS,LEO YAMIR VALENTINO CASTELLON HIREZI,"91,002",No
Cortes,PARTIDO ANTICORRUPCION,KATTY ESTER SOSA GARCIA,"106,895",No
Cortes,PARTIDO UNIFICACION DEMOCRATICA,SUSANA CASTILLO VELASQUEZ,"9,912",No
Cortes,PARTIDO INNOVACION Y UNIDAD SD,PEDRO RENE GONZALEZ BARAHONA,"8,016",No
Cortes,PARTIDO DEMOCRATA CRISTIANO,CARLOS AGUINALDO TURCIOS MATUTE,"7,576",No
Cortes,PARTIDO LIBERAL DE HONDURAS,JUAN JORGE CANAHUATI SAGASTUME,"61,868",No
Cortes,PARTIDO ALIANZA PATRIOTICA,JOSE MARIO BERRIOS SERRANO,"5,067",No
Cortes,PARTIDO FRENTE AMPLIO POLITICO ELECTORAL,MARCO ANTONIO BHADAY CHAVEZ,"5,667",No
Cortes,PARTIDO LIBERTAD Y REFUNDACION,SILVIA BESSY AYALA FIGUEROA,"93,313",No
Cortes,PARTIDO NACIONAL DE HONDURAS,FRANCISCO GABRIEL GARCIA ARDON,"90,294",No
Cortes,PARTIDO ANTICORRUPCION,ERASMO ANTONIO SANABRIA CHINCHILLA,"104,875",No
Cortes,PARTIDO UNIFICACION DEMOCRATICA,CLAUDIO MARCELO VILLAFRANCA NUÑEZ,"7,412",No
Cortes,PARTIDO INNOVACION Y UNIDAD SD,OSMAN MALDONADO ORTIZ,"6,106",No
Cortes,PARTIDO DEMOCRATA CRISTIANO,DUNIA ARACELY LOPEZ LOPEZ,"7,283",No
Cortes,PARTIDO LIBERAL DE HONDURAS,WENCESLAO LARA ORELLANA,"59,631",No
Cortes,PARTIDO ALIANZA PATRIOTICA,JESUS ENAMORADO ALVARADO,"4,842",No
Cortes,PARTIDO FRENTE AMPLIO POLITICO ELECTORAL,IRMA CRISTELA HERNANDEZ,"4,161",No
Cortes,PARTIDO LIBERTAD Y REFUNDACION,RENE BLADIMIR GONZALES ALFARO,"91,093",No
Cortes,PARTIDO NACIONAL DE HONDURAS,ROXANA GERALDINA GONZALEZ MARMOL,"89,828",No
Cortes,PARTIDO ANTICORRUPCION,ROLANDO ENRIQUE LOPEZ,"103,592",No
Cortes,PARTIDO UNIFICACION DEMOCRATICA,MIGUEL FERNANDO RUIZ RAPALO,"6,937",No
Cortes,PARTIDO INNOVACION Y UNIDAD SD,MARTHA LETICIA NORALES ARZU,"6,003",No
Cortes,PARTIDO DEMOCRATA CRISTIANO,NORMAN PORTILLO VELASQUEZ,"6,480",No
Cortes,PARTIDO LIBERAL DE HONDURAS,GEORGINA YAMILETH BARAHONA LOPEZ,"59,495",No
Cortes,PARTIDO ALIANZA PATRIOTICA,GABRIELA ROSARIO VASQUEZ AGUILAR,"4,038",No
Cortes,PARTIDO FRENTE AMPLIO POLITICO ELECTORAL,JONY NECTALI ROSALES RAMOS,"2,940",No
Cortes,PARTIDO LIBERTAD Y REFUNDACION,DULCE MARIA VILLANUEVA SANCHEZ,"90,706",No
Cortes,PARTIDO NACIONAL DE HONDURAS,REYNALDO GEOVANNY EKONOMO FUNES,"89,048",No
Cortes,PARTIDO ANTICORRUPCION,VERONICA TORRES RIVERA,"103,334",No
Cortes,PARTIDO UNIFICACION DEMOCRATICA,BRENDA JAQUELINE MORENO BARDALES,"6,810",No
Cortes,PARTIDO INNOVACION Y UNIDAD SD,MAURA ARACELY FUNEZ MARTINEZ,"5,413",No
Cortes,PARTIDO DEMOCRATA CRISTIANO,FREDESVINDA GUTIERREZ ORTIZ,"4,955",No
Cortes,PARTIDO LIBERAL DE HONDURAS,FELIPA ELIZABETH AVILA JIMENEZ,"59,449",No
Cortes,PARTIDO ALIANZA PATRIOTICA,GLADYS PATRICIA ENAMORADO PADILLA,"3,864",No
Cortes,PARTIDO FRENTE AMPLIO POLITICO ELECTORAL,REYNA MARITZA TORRES MEJIA,"2,590",No
Cortes,PARTIDO LIBERTAD Y REFUNDACION,ORFILIA ESPERANZA CARRANZA MEDINA,"90,150",No
Cortes,PARTIDO NACIONAL DE HONDURAS,BRENDA MERCEDES FLORES SERRANO,"86,520",No
Cortes,PARTIDO ANTICORRUPCION,ROBERTO VALENZUELA MEDINA,"102,748",No
Cortes,PARTIDO UNIFICACION DEMOCRATICA,ERIKA TAHINA AVILA REYES,"6,230",No
Cortes,PARTIDO INNOVACION Y UNIDAD SD,FRANCISCO RODOLFO JIMENEZ CABALLERO,"4,738",No
Cortes,PARTIDO DEMOCRATA CRISTIANO,CELESTINO ARGUETA,"4,908",No
Cortes,PARTIDO LIBERAL DE HONDURAS,MARIA DOLORES GUARDADO,"55,141",No
Cortes,PARTIDO ALIANZA PATRIOTICA,JORDI RICARDO MONTAÑOLA LOPEZ,"3,630",No
Cortes,PARTIDO FRENTE AMPLIO POLITICO ELECTORAL,ASTER ASCANIO ALEGRIA CASTELLANOS,"2,363",No
Cortes,PARTIDO LIBERTAD Y REFUNDACION,ANA CAROLINA CARTAGENA GAMERO,"89,602",No
Cortes,PARTIDO NACIONAL DE HONDURAS,ZOILA WILADINA CHIANG CORTES,"85,912",No
Cortes,PARTIDO ANTICORRUPCION,JUAN RAMON LOPEZ BENDECK,"102,389",No
Cortes,PARTIDO UNIFICACION DEMOCRATICA,ESEQUIAS DOBLADO HERNANDEZ,"6,220",No
Cortes,PARTIDO INNOVACION Y UNIDAD SD,FERNANDO MATEO GARRIGO,"4,547",No
Cortes,PARTIDO DEMOCRATA CRISTIANO,IRMA AMELIA CERRATO MARTINEZ,"4,327",No
Cortes,PARTIDO LIBERAL DE HONDURAS,CAROLINA VELASQUEZ MATAMOROS,"54,946",No
Cortes,PARTIDO ALIANZA PATRIOTICA,IRWING LINDSSAY GUARDADO VEROY,"3,015",No
Cortes,PARTIDO FRENTE AMPLIO POLITICO ELECTORAL,GLORIA ESMERALDA CASTRO SERANDIA,"1,962",No
Cortes,PARTIDO LIBERTAD Y REFUNDACION,REYNA CONCEPCION PINEDA RAMOS,"87,867",No
Cortes,PARTIDO NACIONAL DE HONDURAS,MELVIN FERRARO LAINEZ,"83,756",No
Cortes,PARTIDO ANTICORRUPCION,EDY MAURICIO PEÑA CARIAS,"101,149",No
Cortes,PARTIDO UNIFICACION DEMOCRATICA,RAUL EDGARDO CHINCHILLA AGUILAR,"6,078",No
Cortes,PARTIDO INNOVACION Y UNIDAD SD,ELIZABETH CONTRERAS,"4,147",No
Cortes,PARTIDO DEMOCRATA CRISTIANO,TIMOTEO OCHOA DIAZ,"4,241",No
Cortes,PARTIDO LIBERAL DE HONDURAS,NORMA HAYDEE CALDERON ARIAS,"53,133",No
Cortes,PARTIDO ALIANZA PATRIOTICA,CESAR AUGUSTO HERNANDEZ PEÑA,"2,967",No
Cortes,PARTIDO FRENTE AMPLIO POLITICO ELECTORAL,MARLEN YANETH PAZ PAZ,"1,907",No
Cortes,PARTIDO LIBERTAD Y REFUNDACION,MARCO TULIO DEL ARCA,"87,516",No
Cortes,PARTIDO NACIONAL DE HONDURAS,JOSE ANTONIO MONTALVAN VILLAFRANCA,"83,608",No
Cortes,PARTIDO ANTICORRUPCION,YESICA CAROLINA MUÑOZ GONZALES,"100,613",No
Cortes,PARTIDO UNIFICACION DEMOCRATICA,DAMARY MARLESSY MEJIA AMAYA,"5,881",No
Cortes,PARTIDO INNOVACION Y UNIDAD SD,GISELA MARIA ALTAMIRANO SANCHEZ,"3,829",No
Cortes,PARTIDO DEMOCRATA CRISTIANO,DALIA SUYAPA DUBON ALEMAN,"4,026",No
Cortes,PARTIDO LIBERAL DE HONDURAS,REYNA VIRGINIA ALVARADO BARAHONA,"52,280",No
Cortes,PARTIDO ALIANZA PATRIOTICA,JUAN CONSTANTINO MARINAKYS ZELAYA,"2,863",No
Cortes,PARTIDO FRENTE AMPLIO POLITICO ELECTORAL,IVAN FRANCISCO MEJIA FLORES,"1,718",No
Cortes,PARTIDO LIBERTAD Y REFUNDACION,VICTOR MANUEL ROSA RAMOS,"86,333",No
Cortes,PARTIDO NACIONAL DE HONDURAS,OMAHARA HERNANDEZ TRUJILLO,"82,743",No
Cortes,PARTIDO ANTICORRUPCION,VERONICA ISABEL TROCHEZ SABILLON,"98,516",No
Cortes,PARTIDO UNIFICACION DEMOCRATICA,ROMER XAVIER CHAVEZ LINAREZ,"5,796",No
Cortes,PARTIDO INNOVACION Y UNIDAD SD,XIOMARA LIZETH PAVON,"3,756",No
Cortes,PARTIDO DEMOCRATA CRISTIANO,ANA LEONOR VELASQUEZ YONNG,"4,011",No
Cortes,PARTIDO LIBERAL DE HONDURAS,JOSE ANTONIO BARAHONA ZELAYA,"52,149",No
Cortes,PARTIDO ALIANZA PATRIOTICA,KAREN DINORA ORTEGA OSORTO,"2,660",No
Cortes,PARTIDO FRENTE AMPLIO POLITICO ELECTORAL,JESUS ORTEGA GARCIA,"1,694",No
Cortes,PARTIDO LIBERTAD Y REFUNDACION,PATRICIA SUYAPA MURILLO GUTIERREZ,"86,197",No
Cortes,PARTIDO NACIONAL DE HONDURAS,MAX ALEJANDRO GONZALES SABILLON,"82,636",No
Cortes,PARTIDO ANTICORRUPCION,CARLOS DONANIM MONTES ORELLANA,"98,479",No
Cortes,PARTIDO UNIFICACION DEMOCRATICA,YESENIA WALESKA ANDINO LOPEZ,"5,382",No
Cortes,PARTIDO INNOVACION Y UNIDAD SD,BERTHA LYDIA COELLO HERNANDEZ,"3,728",No
Cortes,PARTIDO DEMOCRATA CRISTIANO,JORGE ADALBERTO RODRIGUEZ CARDENAS,"3,476",No
Cortes,PARTIDO LIBERAL DE HONDURAS,CINTHYA PAMELA MENOCAL TURCIOS,"50,068",No
Cortes,PARTIDO ALIANZA PATRIOTICA,MANUEL ANTONIO AMAYA,"2,383",No
Cortes,PARTIDO FRENTE AMPLIO POLITICO ELECTORAL,ALFONZO FELIPE ROSADO GALEANO,"1,682",No
Cortes,PARTIDO LIBERTAD Y REFUNDACION,JOSE ARNULFO AGUILAR,"85,579",No
Cortes,PARTIDO NACIONAL DE HONDURAS,WENDY CAROLINA ESTEVEZ PAREDES,"80,357",No
Cortes,PARTIDO ANTICORRUPCION,JOSE MEDARDO CABALLERO MONCADA,"95,605",No
Cortes,PARTIDO UNIFICACION DEMOCRATICA,ALBERTO CRUZ TORRES,"5,216",No
Cortes,PARTIDO INNOVACION Y UNIDAD SD,KARLA PATRICIA HERRERA ULLOA,"3,364",No
Cortes,PARTIDO DEMOCRATA CRISTIANO,MARIO ALBERTO SOTO VALLE,"3,342",No
Cortes,PARTIDO LIBERAL DE HONDURAS,JOSE ANTONIO FERNANDEZ FLORES,"49,686",No
Cortes,PARTIDO ALIANZA PATRIOTICA,MANUEL DE JESUS LICONA CASTRO,"2,341",No
Cortes,PARTIDO FRENTE AMPLIO POLITICO ELECTORAL,JOSEFINA MORALES PINEDA,"1,624",No
Cortes,PARTIDO LIBERTAD Y REFUNDACION,LUIS ALONSO GARCIA BUSTAMANTE,"84,171",No
Cortes,PARTIDO NACIONAL DE HONDURAS,VICTORIA CARRASCO GARCIA,"79,620",No
Cortes,PARTIDO ANTICORRUPCION,MARGARITA ZULEMA HERNANDEZ GOMEZ,"93,692",No
Cortes,PARTIDO UNIFICACION DEMOCRATICA,DANILO MEJIA BORJAS,"4,670",No
Cortes,PARTIDO INNOVACION Y UNIDAD SD,VICTORINO CARRANZA PONCE,"3,148",No
Cortes,PARTIDO DEMOCRATA CRISTIANO,RUTH ESTHER CASTRO GOMEZ,"3,261",No
Cortes,PARTIDO LIBERAL DE HONDURAS,JUSTA AURELIA SUAZO BERNARDEZ,"48,964",No
Cortes,PARTIDO ALIANZA PATRIOTICA,FELIX JUSTO FREIJE PEÑA,"2,135",No
Cortes,PARTIDO FRENTE AMPLIO POLITICO ELECTORAL,OSMARA ARGUETA LOZANO,"1,622",No
Cortes,PARTIDO LIBERTAD Y REFUNDACION,RENE ALTAMIRANO INTERIANO,"83,253",No
Cortes,PARTIDO NACIONAL DE HONDURAS,ERNESTO LAZARUS PINEDA,"79,262",No
Cortes,PARTIDO ANTICORRUPCION,MARIA ERLINDA ENAMORADO CERNA,"91,187",No
Cortes,PARTIDO UNIFICACION DEMOCRATICA,EMILIA LEIVA AYALA,"4,629",No
Cortes,PARTIDO INNOVACION Y UNIDAD SD,MELVIN GEOVANY FLOREZ CANALES,"2,809",No
Cortes,PARTIDO DEMOCRATA CRISTIANO,AQUILES ISAAC CALIX MEJIA,"3,134",No
Cortes,PARTIDO LIBERAL DE HONDURAS,INGRID ALINA MONTES RENDON,"48,106",No
Cortes,PARTIDO ALIANZA PATRIOTICA,ANA EYSABEL GOMEZ,"2,050",No
Cortes,PARTIDO FRENTE AMPLIO POLITICO ELECTORAL,MELVIN OMAR BRONFIELD AGUIRRE,"1,572",No
Cortes,PARTIDO LIBERTAD Y REFUNDACION,GLADIS ESMERALDA DELCID NIETO,"81,739",No
Cortes,PARTIDO NACIONAL DE HONDURAS,ELISEO NOEL MEJIA CASTILLO,"78,957",No
Cortes,PARTIDO ANTICORRUPCION,CATALINA PONCE POSAS,"89,672",No
Cortes,PARTIDO UNIFICACION DEMOCRATICA,DANILO OMAR ISAULA VASQUEZ,"4,579",No
Cortes,PARTIDO INNOVACION Y UNIDAD SD,LUIS FERNANDO RAMIREZ,"2,736",No
Cortes,PARTIDO DEMOCRATA CRISTIANO,CARLOS JAVIER FUNEZ CARDOZA,"3,047",No
Cortes,PARTIDO LIBERAL DE HONDURAS,RICARDO EFRAIN FIGUEROA GIRON,"44,149",No
Cortes,PARTIDO ALIANZA PATRIOTICA,EUCEBIO ACOSTA ZUNIGA,"1,995",No
Cortes,PARTIDO FRENTE AMPLIO POLITICO ELECTORAL,GARY ALEXANDER RODRIGUEZ VILLANUEVA,"1,521",No
Cortes,PARTIDO LIBERTAD Y REFUNDACION,RUY DIAZ DIAZ,"81,580",No
Cortes,PARTIDO NACIONAL DE HONDURAS,IRIS YASMIN PERDOMO SANDOVAL,"73,459",No
Cortes,PARTIDO UNIFICACION DEMOCRATICA,SONIA ESPERANZA BONILLA GUEVARA,"4,352",No
Cortes,PARTIDO INNOVACION Y UNIDAD SD,ZINIA YAMILET VARGAS GALLEGOS,"2,565",No
Cortes,PARTIDO DEMOCRATA CRISTIANO,LUIS RAFAEL RAMIREZ,"2,927",No
Cortes,PARTIDO LIBERAL DE HONDURAS,JORGE ANTONIO CAMACHO FAJARDO,"42,889",No
Cortes,PARTIDO ALIANZA PATRIOTICA,NANCI YADIRA VASQUEZ GARCIA,"1,871",No
Cortes,PARTIDO FRENTE AMPLIO POLITICO ELECTORAL,ALEJANDRO RODRIGUEZ BARDALES,"1,433",No
Cortes,PARTIDO UNIFICACION DEMOCRATICA,ALEX ANTONIO AVILA,"4,223",No
Cortes,PARTIDO INNOVACION Y UNIDAD SD,JOSE DIONICIO PONCE PALACIOS,"2,504",No
Cortes,PARTIDO DEMOCRATA CRISTIANO,JOSE RICARDO SIERRA CHAVARRIA,"2,852",No
Cortes,PARTIDO LIBERAL DE HONDURAS,MIGUEL ANGEL BARAHONA LOPEZ,"42,062",No
Cortes,PARTIDO ALIANZA PATRIOTICA,GREGORIA OCAMPO ZUNIGA,"1,776",No
Cortes,PARTIDO FRENTE AMPLIO POLITICO ELECTORAL,MARVIN EMILIO FUNEZ RODRIGUEZ,"1,403",No
Cortes,PARTIDO UNIFICACION DEMOCRATICA,JUAN FRANCISCO GONZALEZ PORTILLO,"3,979",No
Cortes,PARTIDO INNOVACION Y UNIDAD SD,JULIO ISMAEL RAPALO ZEPEDA,"1,637 Empate",No
Cortes,PARTIDO DEMOCRATA CRISTIANO,AXEL ANTONIO QUIROZ COLINDRES,"2,151",No
Cortes,PARTIDO ALIANZA PATRIOTICA,ANNUAR ALFREDO SUAZO KATTAN,"1,568",No
Cortes,PARTIDO FRENTE AMPLIO POLITICO ELECTORAL,KELVIN HERNAN ZALDIVAR LOPEZ,"1,283",No
Cortes,PARTIDO UNIFICACION DEMOCRATICA,MARIA CATALINA RIVERA DIAZ,"3,861",No
Cortes,PARTIDO INNOVACION Y UNIDAD SD,EUGENIO HERRERA QUIROZ,"1,637 Empate",No
Choluteca,PARTIDO NACIONAL DE HONDURAS,CARLOS ROBERTO LEDEZMA CASCO,"69,572",SI
Choluteca,PARTIDO NACIONAL DE HONDURAS,MAURICIO OLIVA HERRERA,"67,770",SI
Choluteca,PARTIDO LIBERAL DE HONDURAS,YURY CRISTHIAN SABAS GUTIERREZ,"63,285",SI
Choluteca,PARTIDO LIBERTAD Y REFUNDACION,ANGEL ENRIQUE SANDOVAL LOPEZ,"28,304",SI
Choluteca,PARTIDO NACIONAL DE HONDURAS,FRANCISCO ANTONIO MACIAS ORTEGA,"64,208",SI
Choluteca,PARTIDO LIBERAL DE HONDURAS,CARLOS ALFREDO LARA WATSON,"39,699",SI
Choluteca,PARTIDO LIBERTAD Y REFUNDACION,HECTOR ENRRIQUE PADILLA HERNANDEZ,"27,675",SI
Choluteca,PARTIDO NACIONAL DE HONDURAS,MARIA EMERITA BARDALES HERNANDEZ,"56,683",SI
Choluteca,PARTIDO ANTICORRUPCION,DAVID ARMANDO REYES OSORTO,"16,908",SI
Choluteca,PARTIDO LIBERAL DE HONDURAS,OSCAR ALFREDO BENAVIDES ORDOÑEZ,"32,943",No
Choluteca,PARTIDO INNOVACION Y UNIDAD SD,MODESTO HERRERA SANCHEZ,"6,677",No
Choluteca,PARTIDO DEMOCRATA CRISTIANO,LUIS ALONSO MARCIA HERNANDEZ,"6,840",No
Choluteca,PARTIDO UNIFICACION DEMOCRATICA,GERSON HERNANDEZ OVIEDO,"2,276",No
Choluteca,UNIDOS POR CHOLUTECA,JOSE CESAR ORTEGA SOUZA,"8,542",No
Choluteca,PARTIDO ALIANZA PATRIOTICA,NELSON OMAR FUNEZ FLORES,"1,695",No
Choluteca,PARTIDO FRENTE AMPLIO POLITICO ELECTORAL,FRANKLIN ERICK TORUÑO COLINDRES,616,No
Choluteca,PARTIDO LIBERTAD Y REFUNDACION,LUIS GEOVANY MARTINEZ SANCHEZ,"25,821",No
Choluteca,PARTIDO NACIONAL DE HONDURAS,RODANIN PERALTA ESTRADA,"49,501",No
Choluteca,PARTIDO ANTICORRUPCION,LUIS FERNANDO COELLO,"13,102",No
Choluteca,PARTIDO LIBERAL DE HONDURAS,GARY RAMON MARADIAGA SORIANO,"30,366",No
Choluteca,PARTIDO INNOVACION Y UNIDAD SD,JOSE IRECIO BONILLA BONILLA,"2,371",No
Choluteca,PARTIDO DEMOCRATA CRISTIANO,ELMER NOE GARCIA MORAN,"1,770",No
Choluteca,PARTIDO UNIFICACION DEMOCRATICA,BENEDICTO CARCAMO MEJIA,"1,749",No
Choluteca,PARTIDO ALIANZA PATRIOTICA,FELICITA MARIA CARRANZA ORDOÑEZ,"1,136",No
Choluteca,PARTIDO FRENTE AMPLIO POLITICO ELECTORAL,RONALD ADALBERTO RUIZ VINDEL,604,No
Choluteca,PARTIDO LIBERTAD Y REFUNDACION,CRISTOBAL JOWANY RODRIGUEZ AMADOR,"25,727",No
Choluteca,PARTIDO NACIONAL DE HONDURAS,JUAN FRANCISCO ARGEÑAL ESPINAL,"45,414",No
Choluteca,PARTIDO ANTICORRUPCION,JORGE ELIU PEREZ DOMINGUEZ,"12,976",No
Choluteca,PARTIDO LIBERAL DE HONDURAS,FELIPE NERY MENDEZ SORIANO,"28,862",No
Choluteca,PARTIDO INNOVACION Y UNIDAD SD,HERLES MISAEL GIMENEZ GALO,"2,026",No
Choluteca,PARTIDO DEMOCRATA CRISTIANO,OSCAR ARNULFO CRUZ,"1,749",No
Choluteca,PARTIDO UNIFICACION DEMOCRATICA,ROSIBEL ZEPEDA OCHOA,"1,367",No
Choluteca,PARTIDO ALIANZA PATRIOTICA,JOSE RAMON SIERRA ZAMORA,"1,092",No
Choluteca,PARTIDO FRENTE AMPLIO POLITICO ELECTORAL,LUIS ALBERTO HERRERA,534,No
Choluteca,PARTIDO LIBERTAD Y REFUNDACION,HERNAN ABEL CARRASCO MAYORGA,"23,808",No
Choluteca,PARTIDO NACIONAL DE HONDURAS,VILMA GUADALUPE AGUILAR FLORES,"43,290",No
Choluteca,PARTIDO ANTICORRUPCION,KAREN MELISSA LINAREZ OSORTO,"9,474",No
Choluteca,PARTIDO LIBERAL DE HONDURAS,FREDY OMAR CHAVARRIA CASTILLO,"27,841",No
Choluteca,PARTIDO INNOVACION Y UNIDAD SD,GERSON LEONEL ESPINO MARADIAGA,"1,856",No
Choluteca,PARTIDO DEMOCRATA CRISTIANO,LOURDES ROSMERY FERRUFINO CUEVAS,"1,263",No
Choluteca,PARTIDO UNIFICACION DEMOCRATICA,FELIPE NERY ESPINAL LOPEZ,931,No
Choluteca,PARTIDO ALIANZA PATRIOTICA,CLAUDIA ANGELINA MARTINEZ CASTILLO,399,No
Choluteca,PARTIDO FRENTE AMPLIO POLITICO ELECTORAL,CARLOS FABRICIO FLORES BACA,495,No
Choluteca,PARTIDO LIBERTAD Y REFUNDACION,FRANCISCO JAVIER LAZO MERCADO,"23,060",No
Choluteca,PARTIDO NACIONAL DE HONDURAS,FREDY ESPINOZA MONDRAGON,"34,192",No
Choluteca,PARTIDO ANTICORRUPCION,DARMY ADELAIDA ESTRADA VILLALOBOS,"8,610",No
Choluteca,PARTIDO LIBERAL DE HONDURAS,MARIA BERTILIA ZEPEDA LAGOS,"24,582",No
Choluteca,PARTIDO INNOVACION Y UNIDAD SD,LYDIA DE JESUS HERRERA AGUIRRE,"1,354",No
Choluteca,PARTIDO DEMOCRATA CRISTIANO,BRENDA ISOLINA ERAZO HERRERA,"1,165",No
Choluteca,PARTIDO UNIFICACION DEMOCRATICA,JOSE FRANCISCO RAMIREZ PINEDA,786,No
Choluteca,PARTIDO ALIANZA PATRIOTICA,GONZALO JOHEL ROMERO ALVAREZ,348,No
Choluteca,PARTIDO FRENTE AMPLIO POLITICO ELECTORAL,NANCY RAQUEL PORTILLO GOMEZ,320,No
Choluteca,PARTIDO LIBERTAD Y REFUNDACION,DILMA DORIS RAMIREZ,"22,652",No
Choluteca,PARTIDO NACIONAL DE HONDURAS,JUANA ISABEL LAINEZ AGUILAR,"32,700",No
Choluteca,PARTIDO ANTICORRUPCION,BELINDA PATRICIA MARCIA BONILLA,"7,887",No
Choluteca,PARTIDO LIBERAL DE HONDURAS,BLANCA MARGARITA OYUELA CARRASCO,"19,404",No
Choluteca,PARTIDO INNOVACION Y UNIDAD SD,JOSE MERCEDES ESTRADA MARTINEZ,"1,283",No
Choluteca,PARTIDO DEMOCRATA CRISTIANO,JORGE MANUEL LAZO,"1,018",No
Choluteca,PARTIDO UNIFICACION DEMOCRATICA,YELSON JOEL PONCE ORDOÑEZ,734,No
Choluteca,PARTIDO ALIANZA PATRIOTICA,OSCAR ESPINAL BAQUEDANO,308,No
Choluteca,PARTIDO FRENTE AMPLIO POLITICO ELECTORAL,RAQUEL MONTALVAN,227,No
Choluteca,PARTIDO LIBERTAD Y REFUNDACION,MARTHA LIDIA ARMAS,"22,357",No
Choluteca,PARTIDO ANTICORRUPCION,RICARDO LEONEL DAVILA VIERAS,"6,207",No
Choluteca,PARTIDO LIBERAL DE HONDURAS,MARIA ESTELITA CANALES ORDOÑEZ,"18,111",No
Choluteca,PARTIDO INNOVACION Y UNIDAD SD,EMERITA ANDURAY FUENTES,"1,174",No
Choluteca,PARTIDO DEMOCRATA CRISTIANO,LIZBETH ALEJANDRA SOSA EUCEDA,826,No
Choluteca,PARTIDO UNIFICACION DEMOCRATICA,DILCIA ESMERALDA SANDOVAL AUCEDA,678,No
Choluteca,PARTIDO ALIANZA PATRIOTICA,KARLA PATRICIA AGUILAR,301,No
Choluteca,PARTIDO FRENTE AMPLIO POLITICO ELECTORAL,KAREN MARLENY IZAGUIRRE,214,No
Choluteca,PARTIDO LIBERTAD Y REFUNDACION,MERCEDES BACA PAZ,"21,005",No
Choluteca,PARTIDO ANTICORRUPCION,TRUDIS AMINDA CORRALES OSORTO,"5,148",No
Choluteca,PARTIDO INNOVACION Y UNIDAD SD,GLORIA AZUCENA MARTINEZ GUILLEN,"1,140",No
Choluteca,PARTIDO DEMOCRATA CRISTIANO,JOSE RAFAEL BERRIOS FLORES,778,No
Choluteca,PARTIDO UNIFICACION DEMOCRATICA,MARIA CLARETT VELASQUEZ,361,No
Choluteca,PARTIDO ALIANZA PATRIOTICA,MAYRA KARINA OYUELA ESTRADA,253,No
Choluteca,PARTIDO FRENTE AMPLIO POLITICO ELECTORAL,MARIA LEONOR TERCERO MENDEZ,170,No
Choluteca,PARTIDO ANTICORRUPCION,JULIO CESAR FARACH NARVAEZ,"5,114",No
Choluteca,PARTIDO INNOVACION Y UNIDAD SD,GLORIA ESPERANZA CRUZ GODOY,626,No
Choluteca,PARTIDO DEMOCRATA CRISTIANO,ROSA ELENA MARTINEZ,520,No
Choluteca,PARTIDO UNIFICACION DEMOCRATICA,NORA ODALYS ESCOBAR POVER,284,No
Choluteca,PARTIDO ALIANZA PATRIOTICA,BLANCA LIDIA GARCIA LEZAMA,214,No
Choluteca,PARTIDO FRENTE AMPLIO POLITICO ELECTORAL,JULIA MARITZA VASQUEZ PONCE,169,No
El Paraiso,PARTIDO NACIONAL DE HONDURAS,WALTER ANTONIO CHAVEZ HERNANDEZ,"67,385",SI
El Paraiso,PARTIDO LIBERTAD Y REFUNDACION,FRANCISCO JAVIER PAZ LAINEZ,"49,175",SI
El Paraiso,PARTIDO NACIONAL DE HONDURAS,JOSE CELIN DISCUA ELVIR,"65,058",SI
El Paraiso,PARTIDO LIBERAL DE HONDURAS,RAMON CHACON FERRUFINO,"38,114",SI
El Paraiso,PARTIDO LIBERTAD Y REFUNDACION,CLAUDIA LORENA GARMENDIA GARAY,"44,396",SI
El Paraiso,PARTIDO NACIONAL DE HONDURAS,SARA ISMELA MEDINA GALO,"61,679",SI
El Paraiso,PARTIDO LIBERAL DE HONDURAS,MARIO EDGARDO SEGURA AROCA,"36,744",No
El Paraiso,PARTIDO ANTICORRUPCION,SANTOS ARCELIO LAGOS,"4,872",No
El Paraiso,PARTIDO INNOVACION Y UNIDAD SD,JOSE LEON AGUILAR,"1,665",No
El Paraiso,PARTIDO UNIFICACION DEMOCRATICA,JACOBO ADOLFO FLORES,"1,972",No
El Paraiso,PARTIDO ALIANZA PATRIOTICA,JUAN ANGEL ALVAREZ GOMEZ,"1,255",No
El Paraiso,PARTIDO DEMOCRATA CRISTIANO,JOSE DAVID MONCADA,"1,188",No
El Paraiso,PARTIDO FRENTE AMPLIO POLITICO ELECTORAL,ARLETT DEL CARMEN ACUÑA SARANTES,456,No
El Paraiso,PARTIDO LIBERTAD Y REFUNDACION,NEHEMIAS MARTINEZ ARGUETA,"44,334",No
El Paraiso,PARTIDO NACIONAL DE HONDURAS,MARISABEL DEL CARMEN FERRUFINO FLORES,"56,672",No
El Paraiso,PARTIDO LIBERAL DE HONDURAS,RODRIGO CASTILLO FLORES,"35,760",No
El Paraiso,PARTIDO ANTICORRUPCION,OSCAR ARMANDO ALCANTARA AMADOR,"4,726",No
El Paraiso,PARTIDO INNOVACION Y UNIDAD SD,MARLEN GRICELDA FERNANDEZ MENDEZ,"1,392",No
El Paraiso,PARTIDO UNIFICACION DEMOCRATICA,ADOLFO ENRIQUE GARCIA,749,No
El Paraiso,PARTIDO ALIANZA PATRIOTICA,MARVIN CESAR FONSECA MARTINEZ,609,No
El Paraiso,PARTIDO DEMOCRATA CRISTIANO,OSCAR EMILIO CARRASCO PERALTA,496,No
El Paraiso,PARTIDO FRENTE AMPLIO POLITICO ELECTORAL,HECTOR NAHUN MARTINEZ SOSA,280,No
El Paraiso,PARTIDO LIBERTAD Y REFUNDACION,JORGE ARTURO ZAVALA FLORES,"41,695",No
El Paraiso,PARTIDO NACIONAL DE HONDURAS,HECTOR EFRAIN VALLEJO CERNA,"52,444",No
El Paraiso,PARTIDO LIBERAL DE HONDURAS,KING LENARD VARELA ALVAREZ,"32,655",No
El Paraiso,PARTIDO ANTICORRUPCION,CLAUDIA EMILIA AVILA ACUÑA,"4,689",No
El Paraiso,PARTIDO INNOVACION Y UNIDAD SD,OSCAR EMILIO MENJIVAR RUBI,"1,387",No
El Paraiso,PARTIDO UNIFICACION DEMOCRATICA,LIDESKY MILENIA ARGE?AL MARTINEZ,641,No
El Paraiso,PARTIDO ALIANZA PATRIOTICA,KARLA NINOSKA MARTINEZ HERRERA,591,No
El Paraiso,PARTIDO DEMOCRATA CRISTIANO,MARIA JOSE SOLIZ MERCADO,489,No
El Paraiso,PARTIDO FRENTE AMPLIO POLITICO ELECTORAL,SINDY MARIELA RODRIGUEZ MONCADA,238,No
El Paraiso,PARTIDO LIBERTAD Y REFUNDACION,DAISY GUADALUPE RIVERA ARDON,"40,191",No
El Paraiso,PARTIDO NACIONAL DE HONDURAS,CESAR HUMBERTO CERRATO FLORES,"52,001",No
El Paraiso,PARTIDO LIBERAL DE HONDURAS,FREDY ALBERTO PASTRANA MOLINA,"32,244",No
El Paraiso,PARTIDO ANTICORRUPCION,CARLOS OMAR OLIVA,"4,546",No
El Paraiso,PARTIDO INNOVACION Y UNIDAD SD,OLGA ALICIA GAMERO PARRIA,661,No
El Paraiso,PARTIDO UNIFICACION DEMOCRATICA,JOSE HERNAN FIGUEROA RODRIGUEZ,503,No
El Paraiso,PARTIDO ALIANZA PATRIOTICA,WENDY YAJAIRA COTO ZELAYA,481,No
El Paraiso,PARTIDO DEMOCRATA CRISTIANO,FLERIDA AIDA VALLADARES,353,No
El Paraiso,PARTIDO FRENTE AMPLIO POLITICO ELECTORAL,KARLA PATRICIA SOSA FORTIN,200,No
El Paraiso,PARTIDO LIBERTAD Y REFUNDACION,LUIS ALBERTO POSADAS ALFARO,"40,033",No
El Paraiso,PARTIDO LIBERAL DE HONDURAS,LUIS ALBERTO SANABRIA CABALLERO,"29,769",No
El Paraiso,PARTIDO ANTICORRUPCION,MERARY GISSELA GONZALEZ OSEGUERA,"4,358",No
El Paraiso,PARTIDO INNOVACION Y UNIDAD SD,ENA KAROLINA POZO ARDON,580,No
El Paraiso,PARTIDO UNIFICACION DEMOCRATICA,CONSUELO AMPARO VILLALTA DOMINGUEZ,443,No
El Paraiso,PARTIDO ALIANZA PATRIOTICA,ANGEL AMADO DIAZ GARCIA,355,No
El Paraiso,PARTIDO DEMOCRATA CRISTIANO,NAUDIA MARICELA BORDEN REYES,305,No
El Paraiso,PARTIDO FRENTE AMPLIO POLITICO ELECTORAL,CLAUDIA YISEEL CASTELLANOS RODRIGUEZ,193,No
El Paraiso,PARTIDO ANTICORRUPCION,SALLY XIOMARA MARADIAGA MENDOZA,"4,115",No
El Paraiso,PARTIDO INNOVACION Y UNIDAD SD,EDY ALEXIS MURILLO,389,No
El Paraiso,PARTIDO UNIFICACION DEMOCRATICA,ESMILDA MARILY BAQUEDANO RIVAS,326,No
El Paraiso,PARTIDO ALIANZA PATRIOTICA,HERENIA BERMUDEZ TREJO,313,No
El Paraiso,PARTIDO DEMOCRATA CRISTIANO,ERMIS YOBANIS CHAVARRIA LOPEZ,214,No
El Paraiso,PARTIDO FRENTE AMPLIO POLITICO ELECTORAL,LUIS ARTURO SALGADO CENTENO,176,No
Francisco Morazan,PARTIDO NACIONAL DE HONDURAS,OSCAR ARTURO ALVAREZ GUERRERO,"191,102",SI
Francisco Morazan,PARTIDO NACIONAL DE HONDURAS,WILMER RAYNEL NEAL VELASQUEZ,"190,062",SI
Francisco Morazan,PARTIDO LIBERTAD Y REFUNDACION,ESDRAS AMADO LOPEZ RODRIGUEZ,"160,874",SI
Francisco Morazan,PARTIDO NACIONAL DE HONDURAS,LENA KARYN GUTIERREZ AREVALO,"181,293",SI
Francisco Morazan,PARTIDO LIBERTAD Y REFUNDACION,DELIA BEATRIZ VALLE MARICHAL,"143,573",SI
Francisco Morazan,PARTIDO NACIONAL DE HONDURAS,ANTONIO CESAR RIVERA CALLEJAS,"180,142",SI
Francisco Morazan,PARTIDO LIBERTAD Y REFUNDACION,RASEL ANTONIO TOME FLORES,"142,039",SI
Francisco Morazan,PARTIDO LIBERAL DE HONDURAS,GABRIELA NUÑEZ ENNABE,"126,204",SI
Francisco Morazan,PARTIDO NACIONAL DE HONDURAS,DAVID GUILLERMO CHAVEZ MADISON,"172,604",SI
Francisco Morazan,PARTIDO ANTICORRUPCION,ANA JOSELINA FORTIN PINEDA,"88,510",SI
Francisco Morazan,PARTIDO LIBERTAD Y REFUNDACION,PEDRO RAFAEL ALEGRIA MONCADA,"134,788",SI
Francisco Morazan,PARTIDO LIBERAL DE HONDURAS,YADIRA ESPERANZA BENDAÑA FLORES,"113,112",SI
Francisco Morazan,PARTIDO NACIONAL DE HONDURAS,JUAN DIEGO ZELAYA AGUILAR,"170,492",SI
Francisco Morazan,PARTIDO ANTICORRUPCION,RAFAEL VIRGILIO PADILLA PAZ,"86,950",SI
Francisco Morazan,PARTIDO LIBERTAD Y REFUNDACION,JOSE LUIS GALDAMEZ ALVAREZ,"133,540",SI
Francisco Morazan,PARTIDO LIBERAL DE HONDURAS,JARIET WALDINA PAZ,"110,767",SI
Francisco Morazan,PARTIDO NACIONAL DE HONDURAS,ROSSEL RENAN INESTROZA HERNANDEZ,"166,843",SI
Francisco Morazan,PARTIDO ANTICORRUPCION,MARLENE ELIZABETH ALVARENGA CASTELLANOS,"82,675",SI
Francisco Morazan,PARTIDO LIBERTAD Y REFUNDACION,JARI DIXON HERRERA HERNANDEZ,"133,534",SI
Francisco Morazan,PARTIDO INNOVACION Y UNIDAD SD,DORIS ALEJANDRINA GUTIERREZ,"80,871",SI
Francisco Morazan,PARTIDO LIBERAL DE HONDURAS,MARCO ANTONIO ANDINO FLORES,"98,597",SI
Francisco Morazan,PARTIDO NACIONAL DE HONDURAS,JOSE OSWALDO RAMOS SOTO,"163,157",SI
Francisco Morazan,PARTIDO DEMOCRATA CRISTIANO,AUGUSTO DOMINGO CRUZ ASENSIO,"55,065",SI
Francisco Morazan,PARTIDO ALIANZA PATRIOTICA,BILLY FERNANDO JOYA AMENDOLA,"61,050",No
Francisco Morazan,PARTIDO UNIFICACION DEMOCRATICA,MARVIN PONCE SAUCEDA,"26,824",No
Francisco Morazan,PARTIDO ANTICORRUPCION,CLAUDIA PATRICIA RODRIGUEZ ROSALES,"82,430",No
Francisco Morazan,PARTIDO LIBERTAD Y REFUNDACION,ENRIQUE ALBERTO FLORES LANZA,"132,588",No
Francisco Morazan,PARTIDO FRENTE AMPLIO POLITICO ELECTORAL,MARVIN GEOVANNY GARCIA MARTINEZ,"4,176",No
Francisco Morazan,CANDIDATURA INDEPENDIENTE SOCIALISTA_CIS,FREDIN DE JESUS FUNEZ,"20,429",No
Francisco Morazan,PARTIDO INNOVACION Y UNIDAD SD,GERMAN EDGARDO LEITZELAR VIDAURRETA,"71,428",No
Francisco Morazan,PARTIDO LIBERAL DE HONDURAS,HILDA ARACELY PACHECO MONTERO,"90,160",No
Francisco Morazan,PARTIDO NACIONAL DE HONDURAS,SANTOS ORLANDO MORAZAN PONCE,"163,017",No
Francisco Morazan,PARTIDO DEMOCRATA CRISTIANO,FELICITO AVILA ORDOÑEZ,"37,454",No
Francisco Morazan,PARTIDO ALIANZA PATRIOTICA,GLORIA MARITZA GARCIA SUAREZ,"13,212",No
Francisco Morazan,PARTIDO UNIFICACION DEMOCRATICA,RAFAEL LEONIDAS DIAZ ALCERRO,"21,034",No
Francisco Morazan,PARTIDO ANTICORRUPCION,CARLOS ALBERTO ZELAYA IRIAS,"71,269",No
Francisco Morazan,PARTIDO LIBERTAD Y REFUNDACION,ALEJANDRO VILLATORO AGUILAR,"130,919",No
Francisco Morazan,PARTIDO FRENTE AMPLIO POLITICO ELECTORAL,KATIA ARELY MARADIAGA PONCE,"4,127",No
Francisco Morazan,PARTIDO INNOVACION Y UNIDAD SD,OLBAN FRANCISCO VALLADARES ORDOÑEZ,"46,945",No
Francisco Morazan,PARTIDO LIBERAL DE HONDURAS,ANGEL LARISSA ESPINAL PINEL,"90,158",No
Francisco Morazan,PARTIDO NACIONAL DE HONDURAS,WALESKA MARLENE ZELAYA PORTILLO,"159,861",No
Francisco Morazan,PARTIDO DEMOCRATA CRISTIANO,JUAN RAMON VELASQUEZ NAZAR,"28,739",No
Francisco Morazan,PARTIDO ALIANZA PATRIOTICA,NESSY MINNETH SUAZO MELENDEZ,"7,803",No
Francisco Morazan,PARTIDO UNIFICACION DEMOCRATICA,MILGIA DEL CARMEN HERNANDEZ SUAZO,"11,641",No
Francisco Morazan,PARTIDO ANTICORRUPCION,GLENDA XIOMARA OSORIO NUÑEZ,"69,755",No
Francisco Morazan,PARTIDO LIBERTAD Y REFUNDACION,FELIX AMBROSIO SABIO GONZALEZ,"130,745",No
Francisco Morazan,PARTIDO FRENTE AMPLIO POLITICO ELECTORAL,LORENZO UBALDO PAVON RODRIGUEZ,"3,570",No
Francisco Morazan,PARTIDO INNOVACION Y UNIDAD SD,MARIO ERNESTO RIVERA VASQUEZ,"40,340",No
Francisco Morazan,PARTIDO LIBERAL DE HONDURAS,AIXA GABRIELA ZELAYA GOMEZ,"88,906",No
Francisco Morazan,PARTIDO NACIONAL DE HONDURAS,RIGOBERTO CHANG CASTILLO,"158,330",No
Francisco Morazan,PARTIDO DEMOCRATA CRISTIANO,MARCO ANTONIO SUAZO,"17,207",No
Francisco Morazan,PARTIDO ALIANZA PATRIOTICA,MIGUEL ENRIQUE NOLASCO LOPEZ,"7,642",No
Francisco Morazan,PARTIDO UNIFICACION DEMOCRATICA,YOHANA REBECA FU PEÑA,"8,198",No
Francisco Morazan,PARTIDO ANTICORRUPCION,ZENIA PATRICIA PADGETT LAGOS,"68,587",No
Francisco Morazan,PARTIDO LIBERTAD Y REFUNDACION,CESAR OMAR SILVA ROSALES,"130,479",No
Francisco Morazan,PARTIDO FRENTE AMPLIO POLITICO ELECTORAL,JAVIER MARTIN GARAY COLINDRES,"2,725",No
Francisco Morazan,PARTIDO INNOVACION Y UNIDAD SD,CARMEN ONDINA BENEDIT BLANCO,"13,352",No
Francisco Morazan,PARTIDO LIBERAL DE HONDURAS,JOSE NATANAEL EUCEDA PACHECO,"88,419",No
Francisco Morazan,PARTIDO NACIONAL DE HONDURAS,LISSI MARCELA MATUTE CANO,"157,410",No
Francisco Morazan,PARTIDO DEMOCRATA CRISTIANO,DAVID ARTURO AGUILERA VALLEJO,"10,572",No
Francisco Morazan,PARTIDO ALIANZA PATRIOTICA,MARVIN RIGOBERTO ESPINAL PINEL,"6,758",No
Francisco Morazan,PARTIDO UNIFICACION DEMOCRATICA,ABELLA ESTER CARBAJAL PAZ,"8,168",No
Francisco Morazan,PARTIDO ANTICORRUPCION,RAMON FERNANDO COTO MENDEZ,"67,883",No
Francisco Morazan,PARTIDO LIBERTAD Y REFUNDACION,FEDRA NADIME THIEBAUD GARAY,"127,765",No
Francisco Morazan,PARTIDO FRENTE AMPLIO POLITICO ELECTORAL,MIRNA DEL CARMEN MONCADA PINEDA,"2,617",No
Francisco Morazan,PARTIDO INNOVACION Y UNIDAD SD,CARLOS ANDRES ZELAYA ELVIR,"9,014",No
Francisco Morazan,PARTIDO LIBERAL DE HONDURAS,PERLA SIMONS MORALES,"84,775",No
Francisco Morazan,PARTIDO NACIONAL DE HONDURAS,LEONEL ALEJANDRO GIANNINI ESPINAL,"156,817",No
Francisco Morazan,PARTIDO DEMOCRATA CRISTIANO,NELLY ESPERANZA MUÑOZ MUÑOZ,"7,097",No
Francisco Morazan,PARTIDO ALIANZA PATRIOTICA,LILIAN JUDITH MIRANDA MURILLO,"6,446",No
Francisco Morazan,PARTIDO UNIFICACION DEMOCRATICA,NEIRA YARELI BANEGAS OSORIO,"7,271",No
Francisco Morazan,PARTIDO ANTICORRUPCION,JUAN CARLOS BERGANZA GODOY,"67,745",No
Francisco Morazan,PARTIDO LIBERTAD Y REFUNDACION,GILBERTO RIOS MUNGUIA,"127,590",No
Francisco Morazan,PARTIDO FRENTE AMPLIO POLITICO ELECTORAL,MARIANA FLORES VASQUEZ,"2,466",No
Francisco Morazan,PARTIDO INNOVACION Y UNIDAD SD,ADRIANA GUEVARA OSORIO,"8,359",No
Francisco Morazan,PARTIDO LIBERAL DE HONDURAS,TEMIS CACERES ANDINO,"71,526",No
Francisco Morazan,PARTIDO NACIONAL DE HONDURAS,COSSETTE ALEJANDRA LOPEZ OSORIO AGUILAR,"156,544",No
Francisco Morazan,PARTIDO DEMOCRATA CRISTIANO,EDGARDO ALFONSO NAVARRETE MELGHEM,"6,969",No
Francisco Morazan,PARTIDO ALIANZA PATRIOTICA,KARLA JEANINE PADILLA REYES,"5,778",No
Francisco Morazan,PARTIDO UNIFICACION DEMOCRATICA,JUAN FERNANDO GONZALEZ,"6,781",No
Francisco Morazan,PARTIDO ANTICORRUPCION,ANA PATRICIA MUÑOZ FERNANDEZ,"67,652",No
Francisco Morazan,PARTIDO LIBERTAD Y REFUNDACION,DELMY ARACELY ORDOÑEZ HERNANDEZ,"126,820",No
Francisco Morazan,PARTIDO FRENTE AMPLIO POLITICO ELECTORAL,ANGEL ANTONIO ARGUIJO GALVEZ,"2,356",No
Francisco Morazan,PARTIDO INNOVACION Y UNIDAD SD,JULIO SANTIAGO SORIANO MIRANDA,"7,387",No
Francisco Morazan,PARTIDO LIBERAL DE HONDURAS,GABO ALFREDO JALIL MEJIA,"70,787",No
Francisco Morazan,PARTIDO NACIONAL DE HONDURAS,MARIA ELENA ORDOÑEZ LAZO,"153,174",No
Francisco Morazan,PARTIDO DEMOCRATA CRISTIANO,EDUARDO JORGE GAETE MEJIA,"6,862",No
Francisco Morazan,PARTIDO ALIANZA PATRIOTICA,ADAN FLAUBERT RODRIGUEZ SIERRA,"5,345",No
Francisco Morazan,PARTIDO UNIFICACION DEMOCRATICA,MEDERLYN DAYANIE LOPEZ JACOME,"6,451",No
Francisco Morazan,PARTIDO ANTICORRUPCION,MILTON OMAR TURCIOS CACERES,"65,511",No
Francisco Morazan,PARTIDO LIBERTAD Y REFUNDACION,AMADEO OSORTO LAGOS,"126,186",No
Francisco Morazan,PARTIDO FRENTE AMPLIO POLITICO ELECTORAL,ILICH DAVID PAVON LOPEZ,"2,269",No
Francisco Morazan,PARTIDO INNOVACION Y UNIDAD SD,NELSON IVAN MEJIA GUARDADO,"6,909",No
Francisco Morazan,PARTIDO LIBERAL DE HONDURAS,AMILCAR BULNES HERNANDEZ,"68,707",No
Francisco Morazan,PARTIDO NACIONAL DE HONDURAS,HECTOR VIRGILIO MARTINEZ LOZANO,"152,578",No
Francisco Morazan,PARTIDO DEMOCRATA CRISTIANO,KARENT YADIRA ULLOA ROMERO,"6,497",No
Francisco Morazan,PARTIDO ALIANZA PATRIOTICA,OSCAR ANTONIO BREVE DUARTE,"4,941",No
Francisco Morazan,PARTIDO UNIFICACION DEMOCRATICA,GUSTAVO MENDIETA MURCIA,"6,320",No
Francisco Morazan,PARTIDO ANTICORRUPCION,DILCIA MARIBEL GALO JUAREZ,"64,620",No
Francisco Morazan,PARTIDO LIBERTAD Y REFUNDACION,JOSE LUIS BAQUEDANO HERNANDEZ,"125,428",No
Francisco Morazan,PARTIDO FRENTE AMPLIO POLITICO ELECTORAL,EMILIO ARTURO GUILLEN SEVILLA,"2,237",No
Francisco Morazan,PARTIDO INNOVACION Y UNIDAD SD,ANA ROSA ANDINO MATAMOROS,"6,749",No
Francisco Morazan,PARTIDO LIBERAL DE HONDURAS,SANDRA EMILIA MUÑOZ REYES,"67,789",No
Francisco Morazan,PARTIDO NACIONAL DE HONDURAS,JOSE DANILO IZAGUIRRE BONILLA,"151,725",No
Francisco Morazan,PARTIDO DEMOCRATA CRISTIANO,ESTELA MARGARITA MARTINEZ GONZALES,"6,368",No
Francisco Morazan,PARTIDO ALIANZA PATRIOTICA,IVONNE ESMERALDA PINTO RUBIO,"4,826",No
Francisco Morazan,PARTIDO UNIFICACION DEMOCRATICA,JOSE ANTONIO CRUZ OLIVA,"6,218",No
Francisco Morazan,PARTIDO ANTICORRUPCION,JAIME RICARDO REDONDO MARINI,"63,993",No
Francisco Morazan,PARTIDO LIBERTAD Y REFUNDACION,ARACELY FLORES BUESO,"124,412",No
Francisco Morazan,PARTIDO FRENTE AMPLIO POLITICO ELECTORAL,EDWARD NOEL LANZA CLAROS,"2,159",No
Francisco Morazan,PARTIDO INNOVACION Y UNIDAD SD,JOSE OSCAR MORAN MENDEZ,"6,335",No
Francisco Morazan,PARTIDO LIBERAL DE HONDURAS,LUCIO IZAGUIRRE ROMERO,"66,908",No
Francisco Morazan,PARTIDO NACIONAL DE HONDURAS,GAUDY ALEJANDRA BUSTILLO MARTINEZ,"142,987",No
Francisco Morazan,PARTIDO DEMOCRATA CRISTIANO,NORMA PATRICIA MARTINEZ ZELAYA,"5,831",No
Francisco Morazan,PARTIDO ALIANZA PATRIOTICA,ROSA MARIVEL MIDENCE ALBERTO,"4,819",No
Francisco Morazan,PARTIDO UNIFICACION DEMOCRATICA,ARJANY MARIELA RAMOS FLORES,"5,736",No
Francisco Morazan,PARTIDO ANTICORRUPCION,MARIA LOURDEZ LAGOZ RODRIGUEZ,"63,952",No
Francisco Morazan,PARTIDO LIBERTAD Y REFUNDACION,NORMA YANINA PARADA MARTINEZ,"122,894",No
Francisco Morazan,PARTIDO FRENTE AMPLIO POLITICO ELECTORAL,CESAR ADIN BARRAZA LUNA,"2,052",No
Francisco Morazan,PARTIDO INNOVACION Y UNIDAD SD,MARIA EUGENIA TORO ZUNIGA,"5,463",No
Francisco Morazan,PARTIDO LIBERAL DE HONDURAS,JOSUEE GERARDO AGUILAR ZELAYA,"65,228",No
Francisco Morazan,PARTIDO NACIONAL DE HONDURAS,RAMON DAGOBERTO RODRIGUEZ ALLEN,"141,257",No
Francisco Morazan,PARTIDO DEMOCRATA CRISTIANO,JOSE JULIO EDMUNDO MARQUEZ PEÑALVA,"5,676",No
Francisco Morazan,PARTIDO ALIANZA PATRIOTICA,DELIA EMELI LAITANO GIRON,"4,817",No
Francisco Morazan,PARTIDO UNIFICACION DEMOCRATICA,ADONIS FERNANDO COLINDRES AMADOR,"5,534",No
Francisco Morazan,PARTIDO ANTICORRUPCION,JUAN FERNANDO REDONDO GUIFARRO,"63,703",No
Francisco Morazan,PARTIDO LIBERTAD Y REFUNDACION,DIONISIA DIAZ UMAÑA,"122,482",No
Francisco Morazan,PARTIDO FRENTE AMPLIO POLITICO ELECTORAL,ELSA XIOMARA GARCIA FLORES,"2,038",No
Francisco Morazan,PARTIDO INNOVACION Y UNIDAD SD,ANGIE GERALDINA VARELA MEJIA,"5,445",No
Francisco Morazan,PARTIDO LIBERAL DE HONDURAS,JOSE CECILIO CRUZ GUEVARA,"63,144",No
Francisco Morazan,PARTIDO NACIONAL DE HONDURAS,FERYD ALBERTO BASCHA SAHURY,"140,147",No
Francisco Morazan,PARTIDO DEMOCRATA CRISTIANO,ELSA VARGAS GONZALEZ,"5,652",No
Francisco Morazan,PARTIDO ALIANZA PATRIOTICA,FRANCISCO JAVIER RAMIREZ ACOSTA,"4,539",No
Francisco Morazan,PARTIDO UNIFICACION DEMOCRATICA,MARTA ALICIA MEZA LAGOS,"4,835",No
Francisco Morazan,PARTIDO ANTICORRUPCION,ALEJANDRO CARBAJAL LIZANO,"63,189",No
Francisco Morazan,PARTIDO LIBERTAD Y REFUNDACION,ROBERTO ZELAYA SAGASTUME,"121,122",No
Francisco Morazan,PARTIDO FRENTE AMPLIO POLITICO ELECTORAL,MONICA DAYANARA PALACIOS CARDONA,"1,998",No
Francisco Morazan,PARTIDO INNOVACION Y UNIDAD SD,GLADYS PAVON GARMENDIA,"5,050",No
Francisco Morazan,PARTIDO LIBERAL DE HONDURAS,ALTAGRACIA SANCHEZ MELENDEZ,"61,444",No
Francisco Morazan,PARTIDO NACIONAL DE HONDURAS,LEANA REBECA MARTINEZ CACERES,"136,106",No
Francisco Morazan,PARTIDO DEMOCRATA CRISTIANO,NIEVES FERNANDO PEREZ ALVARADO,"5,065",No
Francisco Morazan,PARTIDO ALIANZA PATRIOTICA,FATIMA VIVIANA HERNANDEZ,"4,325",No
Francisco Morazan,PARTIDO UNIFICACION DEMOCRATICA,KORITZA RAQUEL BLANCO LOPEZ,"4,802",No
Francisco Morazan,PARTIDO ANTICORRUPCION,ISAIAS MORAN PAVON,"63,097",No
Francisco Morazan,PARTIDO LIBERTAD Y REFUNDACION,JOSE MANUEL RODRIGUEZ ROSALES,"121,046",No
Francisco Morazan,PARTIDO FRENTE AMPLIO POLITICO ELECTORAL,MARCO ANTONIO GARCIA CALIX,"1,956",No
Francisco Morazan,PARTIDO INNOVACION Y UNIDAD SD,CARLOS ALBERTO PADILLA VELASCO,"4,975",No
Francisco Morazan,PARTIDO LIBERAL DE HONDURAS,MARIO LUIS NOE VILLAFRANCA,"60,388",No
Francisco Morazan,PARTIDO NACIONAL DE HONDURAS,ADA MARIA MEJIA SIGNORELLI,"135,057",No
Francisco Morazan,PARTIDO DEMOCRATA CRISTIANO,MARIA PAZ GOMEZ CASTRO,"4,722",No
Francisco Morazan,PARTIDO ALIANZA PATRIOTICA,EDUARD FRANCISCO MORENO PADILLA,"4,212",No
Francisco Morazan,PARTIDO UNIFICACION DEMOCRATICA,YENY FERNANDA CASTILLO ESCALANTE,"4,770",No
Francisco Morazan,PARTIDO ANTICORRUPCION,JORGE ALBERTO GIARELLI FERRERA,"61,549",No
Francisco Morazan,PARTIDO LIBERTAD Y REFUNDACION,DAGOBERTO SUAZO ZELAYA,"120,468",No
Francisco Morazan,PARTIDO FRENTE AMPLIO POLITICO ELECTORAL,ERIKA VANESSA MARADIAGA HERNANDEZ,"1,941",No
Francisco Morazan,PARTIDO INNOVACION Y UNIDAD SD,YASMY DAMARISE GARCIA,"4,948",No
Francisco Morazan,PARTIDO LIBERAL DE HONDURAS,GUSTAVO ADOLFO ALFARO ZELAYA,"59,853",No
Francisco Morazan,PARTIDO NACIONAL DE HONDURAS,JANCE CAROLINA FUNES DOMINGUEZ,"129,759",No
Francisco Morazan,PARTIDO DEMOCRATA CRISTIANO,MARIA FRANCISCA ROSALES RODRIGUEZ,"4,572",No
Francisco Morazan,PARTIDO ALIANZA PATRIOTICA,JULIO CESAR MORENO GARCIA,"4,125",No
Francisco Morazan,PARTIDO UNIFICACION DEMOCRATICA,CARLOS ALEJANDRO HERNANDEZ SOTO,"4,358",No
Francisco Morazan,PARTIDO ANTICORRUPCION,ADELA MARIA MEDINA,"60,346",No
Francisco Morazan,PARTIDO LIBERTAD Y REFUNDACION,JAVIER ANTONIO PORTILLO CARBAJAL,"118,462",No
Francisco Morazan,PARTIDO FRENTE AMPLIO POLITICO ELECTORAL,LUIS ANTONIO IZAGUIRRE BENITEZ,"1,913",No
Francisco Morazan,PARTIDO INNOVACION Y UNIDAD SD,MARIO VALENTIN SANCHEZ VALLADARES,"4,930",No
Francisco Morazan,PARTIDO LIBERAL DE HONDURAS,FABRICIO JOSE MEJIA ARITA,"57,112",No
Francisco Morazan,PARTIDO DEMOCRATA CRISTIANO,KARLA LIZETH MONTOYA PAVON,"4,495",No
Francisco Morazan,PARTIDO ALIANZA PATRIOTICA,GUIDO ANTONIO BACCI GRAVE DE PERALTA,"4,055",No
Francisco Morazan,PARTIDO UNIFICACION DEMOCRATICA,FAVIO ENRIQUE MONCADA NUÑEZ,"4,284",No
Francisco Morazan,PARTIDO ANTICORRUPCION,GUSTAVO ADOLFO MANZANARES VAQUERO,"58,437",No
Francisco Morazan,PARTIDO LIBERTAD Y REFUNDACION,MARCO ELIUD GIRON PORTILLO,"116,180",No
Francisco Morazan,PARTIDO FRENTE AMPLIO POLITICO ELECTORAL,ALEJANDRO FERNANDEZ,"1,835",No
Francisco Morazan,PARTIDO INNOVACION Y UNIDAD SD,DORA LESVIA BRACAMONTE CORTEZ,"4,673",No
Francisco Morazan,PARTIDO LIBERAL DE HONDURAS,SILVIO DANILO PINO MERCADAL,"53,790",No
Francisco Morazan,PARTIDO DEMOCRATA CRISTIANO,GRACIBEL ESCOTO LICONA,"4,417",No
Francisco Morazan,PARTIDO ALIANZA PATRIOTICA,BRYAN O NELL HERNANDEZ MEDINA,"3,927",No
Francisco Morazan,PARTIDO UNIFICACION DEMOCRATICA,MERCEDES DEL ROSARIO GOMEZ ZUNIGA,"4,212",No
Francisco Morazan,PARTIDO ANTICORRUPCION,FERNANDO ABEL VALLADARES ALVARADO,"56,609",No
Francisco Morazan,PARTIDO FRENTE AMPLIO POLITICO ELECTORAL,TANIA ANGELINA CRUZ ALVARADO,"1,617",No
Francisco Morazan,PARTIDO INNOVACION Y UNIDAD SD,SALVADOR LOVO REICHMANN,"4,299",No
Francisco Morazan,PARTIDO LIBERAL DE HONDURAS,FEDERICO DUARTE ACOSTA,"50,359",No
Francisco Morazan,PARTIDO DEMOCRATA CRISTIANO,MARTHA ELENA GUEVARA SEQUEIRA,"4,363",No
Francisco Morazan,PARTIDO ALIANZA PATRIOTICA,TULIO ARMANDO VALLADARES HERRERA,"3,663",No
Francisco Morazan,PARTIDO UNIFICACION DEMOCRATICA,JARVIN ROBERTO SANCHEZ JIMENEZ,"4,133",No
Francisco Morazan,PARTIDO ANTICORRUPCION,SAYRA IVETH AGUILERA ESPINAL,"56,329",No
Francisco Morazan,PARTIDO FRENTE AMPLIO POLITICO ELECTORAL,ELIA YOLANDA SIERRA SANCHEZ,"1,520",No
Francisco Morazan,PARTIDO INNOVACION Y UNIDAD SD,ANA LUCIA FREIJE MURILLO,"4,239",No
Francisco Morazan,PARTIDO LIBERAL DE HONDURAS,LUIS ALBERTO MARTINEZ,"49,071",No
Francisco Morazan,PARTIDO DEMOCRATA CRISTIANO,HERIBERTO FLORES LAGOS,"4,240",No
Francisco Morazan,PARTIDO ALIANZA PATRIOTICA,VICTOR LOPEZ SEVILLA,"3,602",No
Francisco Morazan,PARTIDO UNIFICACION DEMOCRATICA,JENY YAQUELINE SAUCEDA RAMOS,"4,020",No
Francisco Morazan,PARTIDO ANTICORRUPCION,JOSE RAFAEL ERAZO PAISANO,"55,727",No
Francisco Morazan,PARTIDO FRENTE AMPLIO POLITICO ELECTORAL,THELMA PATRICIA RODRIGUEZ ESPINOZA,"1,479",No
Francisco Morazan,PARTIDO INNOVACION Y UNIDAD SD,ROBERTO EDUARDO VALLEJO DIAZ,"3,943",No
Francisco Morazan,PARTIDO DEMOCRATA CRISTIANO,JOSE ENRIQUE SOTO NAVAS,"4,210",No
Francisco Morazan,PARTIDO ALIANZA PATRIOTICA,CARLOS EDUARDO SUAZO DIAZ,"2,777",No
Francisco Morazan,PARTIDO UNIFICACION DEMOCRATICA,OSMIN DAVID VALLE CASTILLO,"3,743",No
Francisco Morazan,PARTIDO FRENTE AMPLIO POLITICO ELECTORAL,XIOMARA OSORIO MIDENCE,"1,435",No
Francisco Morazan,PARTIDO INNOVACION Y UNIDAD SD,LORENA MAYEN ELVIR,"3,638",No
Francisco Morazan,PARTIDO DEMOCRATA CRISTIANO,ODALIS YASMIN FLORES RIVERA,"3,491",No
Francisco Morazan,PARTIDO ALIANZA PATRIOTICA,DEYSI XIOMARA CASTRO LAINEZ,"2,496",No
Francisco Morazan,PARTIDO UNIFICACION DEMOCRATICA,NELSON JOSUE FLORES MEJIA,"3,724",No
Francisco Morazan,PARTIDO FRENTE AMPLIO POLITICO ELECTORAL,RENIERY VELASQUEZ AVILA,"1,217",No
Francisco Morazan,PARTIDO INNOVACION Y UNIDAD SD,JOSE GUILLERMO CANO VALLADARES,"3,547",No
Francisco Morazan,PARTIDO DEMOCRATA CRISTIANO,ANTONIO AMADOR BARRIENTOS,"3,110",No
Francisco Morazan,PARTIDO ALIANZA PATRIOTICA,JULIA FRANCISCA REYES CASCO,"2,315",No
Francisco Morazan,PARTIDO UNIFICACION DEMOCRATICA,EDWIN ALEXANDER CARDONA GALVEZ,"3,628",No
Francisco Morazan,PARTIDO FRENTE AMPLIO POLITICO ELECTORAL,ERNESTO CARCAMO MEZA,"1,163",No
Gracias a Dios,PARTIDO LIBERAL DE HONDURAS,SETH PAISANO WOOD,"7,049",SI
Gracias a Dios,PARTIDO LIBERTAD Y REFUNDACION,EDMUNDO FLORES ZUNIGA,"6,284",No
Gracias a Dios,PARTIDO NACIONAL DE HONDURAS,ALBERTO SAMUEL HAYLOCK ECHEVERRIA,"6,113",No
Gracias a Dios,PARTIDO DEMOCRATA CRISTIANO,EZEQUIEL CRUZ CARRILLO,115,No
Gracias a Dios,PARTIDO ALIANZA PATRIOTICA,KENEDY SANTOS GODFRY,109,No
Gracias a Dios,PARTIDO INNOVACION Y UNIDAD SD,MARLEN MANISTER PAMISTAN,105,No
Gracias a Dios,ALIANZA UD-FAPER,WEBER MELADO GRANWELL,94,No
Gracias a Dios,PARTIDO ANTICORRUPCION,EMILIA MIRANDA MARTINEZ,87,No
Intibuca,PARTIDO NACIONAL DE HONDURAS,ELDEN VASQUEZ,"33,489",SI
Intibuca,PARTIDO LIBERTAD Y REFUNDACION,JOSE ALBERTO VASQUEZ CRUZ,"17,133",SI
Intibuca,PARTIDO LIBERAL DE HONDURAS,JORGE MAYNOR VARGAS DIAZ,"20,405",SI
Intibuca,PARTIDO NACIONAL DE HONDURAS,MIGUEL ANGEL GAMEZ,"32,938",No
Intibuca,PARTIDO ANTICORRUPCION,JUAN IRENE GIRON IZAGUIRRE,"1,186",No
Intibuca,PARTIDO ALIANZA PATRIOTICA,HECTOR AGUILAR CLAROS,961,No
Intibuca,PARTIDO DEMOCRATA CRISTIANO,JOSE ALILIAN DIAZ,701,No
Intibuca,ALIANZA UD-FAPER,OLVIN REYNIERY GONZALES DOMINGUEZ,255,No
Intibuca,PARTIDO INNOVACION Y UNIDAD SD,KENIA ARGENTINA SANCHEZ BAUTISTA,158,No
Intibuca,PARTIDO LIBERTAD Y REFUNDACION,CELSO SANCHEZ DOMINGUEZ,"14,835",No
Intibuca,PARTIDO LIBERAL DE HONDURAS,OLGA GRACIELA BUESO MEZA,"10,819",No
Intibuca,PARTIDO NACIONAL DE HONDURAS,HODALMA LISSETH BENITEZ ERAZO,"28,852",No
Intibuca,PARTIDO ANTICORRUPCION,ALBA LUZ MANZANARES RAMOS,"1,031",No
Intibuca,PARTIDO ALIANZA PATRIOTICA,JOSE MARIA LEMUS NOLASCO,282,No
Intibuca,PARTIDO DEMOCRATA CRISTIANO,MARIA DEL LOS ANGELES LOPEZ VALLADARES,220,No
Intibuca,ALIANZA UD-FAPER,BERTHA ROSA AGUILAR AGUILAR,124,No
Intibuca,PARTIDO INNOVACION Y UNIDAD SD,DELMY YOLIBETH HERNANDEZ AMAYA,141,No
Intibuca,PARTIDO LIBERTAD Y REFUNDACION,MARIA SUYAPA ALEMAN REYES,"13,117",No
Intibuca,PARTIDO LIBERAL DE HONDURAS,MARIA DE LA PAZ CANTARERO,"7,536",No
Intibuca,PARTIDO ANTICORRUPCION,OSWAL LENNIN CALIX MONDRAGON,917,No
Intibuca,PARTIDO ALIANZA PATRIOTICA,DAISY CAROLINA GUTIERREZ PINEDA,259,No
Intibuca,PARTIDO DEMOCRATA CRISTIANO,MARIA MIRSA VIJIL BAUTISTA,200,No
Intibuca,ALIANZA UD-FAPER,JUAN MEJIA,94,No
Intibuca,PARTIDO INNOVACION Y UNIDAD SD,MARIO VASQUEZ LEMUZ,120,No
Islas de la Bahia,PARTIDO LIBERAL DE HONDURAS,JERRY DAVE HYNDS JULIO,"8,391",SI
Islas de la Bahia,PARTIDO NACIONAL DE HONDURAS,GEORGE ROMEO SILVESTRI FEREZ,"5,959",No
Islas de la Bahia,PARTIDO LIBERTAD Y REFUNDACION,GUSTAVO ADOLFO ARRIOLA ARIAS,"1,106",No
Islas de la Bahia,PARTIDO ANTICORRUPCION,OSCAR AUGUSTO LOBO DISCUA,206,No
Islas de la Bahia,PARTIDO UNIFICACION DEMOCRATICA,HENRY ALEXANDER ZELAYA SANTOS,151,No
Islas de la Bahia,PARTIDO ALIANZA PATRIOTICA,JORGE ALEXANDER ANTUNEZ ERAZO,90,No
Islas de la Bahia,PARTIDO FRENTE AMPLIO POLITICO ELECTORAL,OSCAR PEREZ GUILLEN,51,No
Islas de la Bahia,PARTIDO INNOVACION Y UNIDAD SD,JUAN CARLOS GABARRETE VELASQUEZ,22,No
Islas de la Bahia,PARTIDO DEMOCRATA CRISTIANO,JOSE URIEL ROSALES MIRANDA,20,No
La Paz,PARTIDO NACIONAL DE HONDURAS,GLADIS AURORA LOPEZ CALDERON,"30,538",SI
La Paz,PARTIDO LIBERTAD Y REFUNDACION,ABEL BENITEZ,"13,521",SI
La Paz,PARTIDO LIBERAL DE HONDURAS,MANUEL IVAN FIALLOS RODAS,"11,873",SI
La Paz,PARTIDO NACIONAL DE HONDURAS,RAUL EDGARDO BULNES BARAHONA,"22,754",No
La Paz,PARTIDO UNIFICACION DEMOCRATICA,ALEJANDRO JOSE MENDEZ CASTILLO,"4,658",No
La Paz,PARTIDO DEMOCRATA CRISTIANO,SAIRA JOSELINA ISAULA MANUELES,"1,718",No
La Paz,PARTIDO ANTICORRUPCION,MARIA ENECON PERDOMO GOMEZ,793,No
La Paz,PARTIDO INNOVACION Y UNIDAD SD,FRANCISCO VASQUEZ,487,No
La Paz,PARTIDO FRENTE AMPLIO POLITICO ELECTORAL,ROGER EMILIO MEDINA RAMOS,293,No
La Paz,PARTIDO ALIANZA PATRIOTICA,MARYLU TRONCONY CASTILLO,312,No
La Paz,PARTIDO LIBERTAD Y REFUNDACION,SANTOS VICTORINO RODRIGUEZ YANES,"13,301",No
La Paz,PARTIDO LIBERAL DE HONDURAS,MANUEL DE JESUS VELASQUEZ FLORES,"10,823",No
La Paz,PARTIDO NACIONAL DE HONDURAS,POLICARPO BONILLA PINEL,"19,707",No
La Paz,PARTIDO UNIFICACION DEMOCRATICA,MARTZA ELIZABETH ARRIAGA,"1,672",No
La Paz,PARTIDO DEMOCRATA CRISTIANO,JULIO CESAR ORELLANA VALLECILLO,675,No
La Paz,PARTIDO ANTICORRUPCION,JOSE RAMON MORALES BURDETT,710,No
La Paz,PARTIDO INNOVACION Y UNIDAD SD,SANDRA LORENA ARGUETA VENTURA,258,No
La Paz,PARTIDO FRENTE AMPLIO POLITICO ELECTORAL,GLENIS LARITZA LOPEZ VELASQUEZ,273,No
La Paz,PARTIDO ALIANZA PATRIOTICA,OSCAR EDGARDO RODRIGUEZ GOMEZ,277,No
La Paz,PARTIDO LIBERTAD Y REFUNDACION,MIRIAM ELIZABETH PEREZ ZELAYA,"11,401",No
La Paz,PARTIDO LIBERAL DE HONDURAS,MARIA DEL CARMEN URQUIA MARTINEZ,"8,755",No
La Paz,PARTIDO UNIFICACION DEMOCRATICA,NELSON MENDEZ ISAULA,"1,614",No
La Paz,PARTIDO DEMOCRATA CRISTIANO,LUIS ALONSO PALOMO MARTINEZ,644,No
La Paz,PARTIDO ANTICORRUPCION,FERNANDA LOPEZ PEREZ,609,No
La Paz,PARTIDO INNOVACION Y UNIDAD SD,CANDIDA PEREZ,124,No
La Paz,PARTIDO FRENTE AMPLIO POLITICO ELECTORAL,OSCAR ROLANDO MELGHEM DUEÑAS,151,No
La Paz,PARTIDO ALIANZA PATRIOTICA,HECTOR ADAN ALMENDAREZ VASQUEZ,125,No
Lempira,PARTIDO NACIONAL DE HONDURAS,SAMUEL ARMANDO REYES RENDON,"65,561",SI
Lempira,PARTIDO NACIONAL DE HONDURAS,JUAN CARLOS VALENZUELA MOLINA,"62,143",SI
Lempira,PARTIDO LIBERTAD Y REFUNDACION,YESTER OMAR MUÑOZ,"36,574",SI
Lempira,PARTIDO NACIONAL DE HONDURAS,SALVADOR VALERIANO PINEDA,"62,064",SI
Lempira,PARTIDO LIBERAL DE HONDURAS,NERY ORLANDO REYES HERNANDEZ,"16,803",SI
Lempira,PARTIDO LIBERTAD Y REFUNDACION,LILY AGUILAR MADRID,"32,682",No
Lempira,PARTIDO ANTICORRUPCION,JESUS HERNAN CRUZ PEREZ,619,No
Lempira,PARTIDO DEMOCRATA CRISTIANO,NELY ONDINA MARTINEZ,287,No
Lempira,PARTIDO INNOVACION Y UNIDAD SD,KAREN YAMELI GARCIA MURILLO,215,No
Lempira,PARTIDO FRENTE AMPLIO POLITICO ELECTORAL,DELMI YANETH CASTELLANOS LORENZO,164,No
Lempira,PARTIDO UNIFICACION DEMOCRATICA,ZONIA MAIBELI DIAZ LANDAVERDE,95,No
Lempira,PARTIDO ALIANZA PATRIOTICA,MARCOS LEOPOLDO HERNANDEZ SUAZO,101,No
Lempira,PARTIDO NACIONAL DE HONDURAS,EDNA YOLANI BATRES CRUZ,"59,087",No
Lempira,PARTIDO LIBERAL DE HONDURAS,ERICK MAURICIO RODRIGUEZ GAVARRETE,"15,734",No
Lempira,PARTIDO LIBERTAD Y REFUNDACION,RYNA MARISOL VASQUEZ SANCHEZ,"32,484",No
Lempira,PARTIDO ANTICORRUPCION,OLGA FLORIBEL ARAGON POSADAS,398,No
Lempira,PARTIDO DEMOCRATA CRISTIANO,MARIA LUCINDA REYES PORTILLO,134,No
Lempira,PARTIDO INNOVACION Y UNIDAD SD,HECTOR ARMANDO MARTINEZ REYES,187,No
Lempira,PARTIDO FRENTE AMPLIO POLITICO ELECTORAL,CESAR DARIO MEZA PADILLA,117,No
Lempira,PARTIDO UNIFICACION DEMOCRATICA,TEODORO DIAZ BAUTISTA,94,No
Lempira,PARTIDO ALIANZA PATRIOTICA,GILMA PATRICIA RIVAS MEJIA,51 Empate,No
Lempira,PARTIDO NACIONAL DE HONDURAS,YESENIA SOLEDAD GOMEZ ALVARENGA,"56,189",No
Lempira,PARTIDO LIBERAL DE HONDURAS,EDGAR KINETT ZACAPA LOPEZ,"11,551",No
Lempira,PARTIDO LIBERTAD Y REFUNDACION,LICIDA LEONOR BORJAS HERCULES,"31,307",No
Lempira,PARTIDO ANTICORRUPCION,BETULIA RUIZ MEJIA,398,No
Lempira,PARTIDO DEMOCRATA CRISTIANO,JOSE DAVID CARRASCO,129,No
Lempira,PARTIDO INNOVACION Y UNIDAD SD,LOORBIN ORALIA HERNANDEZ AGUILAR,115,No
Lempira,PARTIDO FRENTE AMPLIO POLITICO ELECTORAL,PASTORA VILLANUEVA ORELLANA,84,No
Lempira,PARTIDO UNIFICACION DEMOCRATICA,MARINO NATAREN MELENDEZ,59,No
Lempira,PARTIDO ALIANZA PATRIOTICA,JUAN JOSE REYES,51,No
Lempira,PARTIDO LIBERAL DE HONDURAS,LEODEGARIO MATEO GARCIA,"8,026",No
Lempira,PARTIDO LIBERTAD Y REFUNDACION,VICTOR MANUEL CRUZ SANCHEZ,"30,781",No
Lempira,PARTIDO ANTICORRUPCION,DOREEN ESTHER FLORES ORELLANA,341,No
Lempira,PARTIDO DEMOCRATA CRISTIANO,MOISES URIAS MELGAR GUARDADO,91,No
Lempira,PARTIDO INNOVACION Y UNIDAD SD,MARIA SANTOS LICONA,89,No
Lempira,PARTIDO FRENTE AMPLIO POLITICO ELECTORAL,ABEL DE JESUS IRAHETA CANTARERO,81,No
Lempira,PARTIDO UNIFICACION DEMOCRATICA,BLANCA ROSA GUARDADO LOPEZ,57,No
Lempira,PARTIDO ALIANZA PATRIOTICA,ALEX EDUARDO MENJIVAR PAZ,49,No
Lempira,PARTIDO LIBERAL DE HONDURAS,YOLANDA PAMELA BORJAS APLICANO,"7,158",No
Lempira,PARTIDO ANTICORRUPCION,EDVIN NERY CRUZ MEJIA,280,No
Lempira,PARTIDO DEMOCRATA CRISTIANO,JOSE ALEXANDER MATEO LOPEZ,70,No
Lempira,PARTIDO INNOVACION Y UNIDAD SD,CANDIDO DUBON RAMIREZ,79,No
Lempira,PARTIDO FRENTE AMPLIO POLITICO ELECTORAL,NOE ALEJANDRO PERDOMO PAZ,78,No
Lempira,PARTIDO UNIFICACION DEMOCRATICA,ARACELY PORTILLO CASTILLO,53,No
Lempira,PARTIDO ALIANZA PATRIOTICA,SULEMA JOSEFINA ESCALANTE GOMEZ,34,No
Ocotepeque,PARTIDO NACIONAL DE HONDURAS,ROMAN VILLEDA AGUILAR,"24,838",SI
Ocotepeque,PARTIDO LIBERAL DE HONDURAS,HUGO RICARDO HERNANDEZ,"14,187",SI
Ocotepeque,PARTIDO LIBERTAD Y REFUNDACION,OSCAR ORLANDO CACERES RUIZ,"12,008",No
Ocotepeque,PARTIDO ANTICORRUPCION,JULIO ALBERTO TINOCO ESPINOZA,"1,017",No
Ocotepeque,PARTIDO DEMOCRATA CRISTIANO,JOSE ALEXIS MIRANDA HERNANDEZ,209,No
Ocotepeque,PARTIDO INNOVACION Y UNIDAD SD,IRIS MARISOL LOPEZ GONZALEZ,134,No
Ocotepeque,PARTIDO FRENTE AMPLIO POLITICO ELECTORAL,MARTHA LIDIA HERCULES ARANA,112,No
Ocotepeque,PARTIDO ALIANZA PATRIOTICA,RAFAEL ANTONIO PERAZA GUERRA,99,No
Ocotepeque,PARTIDO UNIFICACION DEMOCRATICA,SECIA KEREN SANTOS RIVERA,42,No
Ocotepeque,PARTIDO NACIONAL DE HONDURAS,VALENCITA ODALIS LEVERON ROSA,"5,700",No
Ocotepeque,PARTIDO LIBERAL DE HONDURAS,SANDRA AMPARO ARITA LOPEZ,"6,730",No
Ocotepeque,PARTIDO LIBERTAD Y REFUNDACION,MARIA DEL TRANSITO LARA,"7,607",No
Ocotepeque,PARTIDO ANTICORRUPCION,NANCY MARILU LEMUZ ZOLORSANO,652,No
Ocotepeque,PARTIDO DEMOCRATA CRISTIANO,FANY MARISOL VALLE VALLE,201,No
Ocotepeque,PARTIDO INNOVACION Y UNIDAD SD,LUIS ALFONZO JIMENEZ ESCOBAR,100,No
Ocotepeque,PARTIDO FRENTE AMPLIO POLITICO ELECTORAL,VICTOR MANUEL CHINCHILLA VALLE,94,No
Ocotepeque,PARTIDO ALIANZA PATRIOTICA,ELVA GUADALUPE PINEDA FUENTES,42,No
Ocotepeque,PARTIDO UNIFICACION DEMOCRATICA,PAIM GONZALEZ PEREZ,40,No
Olancho,PARTIDO NACIONAL DE HONDURAS,REINALDO ANTONIO SANCHEZ RIVERA,"72,862",SI
Olancho,PARTIDO LIBERTAD Y REFUNDACION,JOSE MANUEL ZELAYA ROSALES,"74,711",SI
Olancho,PARTIDO NACIONAL DE HONDURAS,TERESA CONCEPCION CALIX RAUDALES,"69,740",SI
Olancho,PARTIDO LIBERTAD Y REFUNDACION,MIGUEL ANGEL NAVARRO CRUZ,"61,523",SI
Olancho,PARTIDO NACIONAL DE HONDURAS,JOSE FRANCISCO RIVERA HERNANDEZ,"68,012",SI
Olancho,PARTIDO LIBERAL DE HONDURAS,FREDY RENAN NAJERA MONTOYA,"26,759",SI
Olancho,PARTIDO LIBERTAD Y REFUNDACION,MARIO ALEXANDER AYALA TURCIOS,"53,261",SI
Olancho,PARTIDO UNIFICACION DEMOCRATICA,MARCOS RAMIRO LOBO ROSALES,"8,037",No
Olancho,PARTIDO ANTICORRUPCION,OSCAR SAMUEL ALEMAN GUTIERREZ,"3,818",No
Olancho,PARTIDO DEMOCRATA CRISTIANO,FLAVIO JAVIER NAJERA ZELAYA,"4,486",No
Olancho,PARTIDO NACIONAL DE HONDURAS,MARIA DOLORES GARCIA GUIFARRO,"65,980",No
Olancho,PARTIDO ALIANZA PATRIOTICA,HECTOR OQUELI SARMIENTO PADILLA,"2,884",No
Olancho,PARTIDO INNOVACION Y UNIDAD SD,OMAR ISAIAS PACHECO TEJEDA,"2,601",No
Olancho,PARTIDO FRENTE AMPLIO POLITICO ELECTORAL,YONARY LIZETH YANEZ CARDENAS,838,No
Olancho,PARTIDO LIBERAL DE HONDURAS,ELMAN JOEL SANDOVAL SABONGE,"21,691",No
Olancho,PARTIDO LIBERTAD Y REFUNDACION,YADIRA FLORIBETH ALVAREZ LICONA,"51,308",No
Olancho,PARTIDO UNIFICACION DEMOCRATICA,LILIANA CONCEPCION MEDINA AYALA,"2,994",No
Olancho,PARTIDO ANTICORRUPCION,JORGE LEONARDO CASCO MENDOZA,"2,637",No
Olancho,PARTIDO DEMOCRATA CRISTIANO,MIRNA ARELI PADILLA MENCIA,"2,436",No
Olancho,PARTIDO NACIONAL DE HONDURAS,SANTOS ERNESTO CALIX MOLINA,"62,925",No
Olancho,PARTIDO ALIANZA PATRIOTICA,TULIO FAVIAN ZELAYA LOBO,"1,555",No
Olancho,PARTIDO INNOVACION Y UNIDAD SD,OSCAR BILMER SALAZAR RIVERA,"1,293",No
Olancho,PARTIDO FRENTE AMPLIO POLITICO ELECTORAL,LEDIS FABIOLA ORTIZ FUNEZ,725,No
Olancho,PARTIDO LIBERAL DE HONDURAS,MILTON MATEO MONTALVAN MEJIA,"17,864",No
Olancho,PARTIDO LIBERTAD Y REFUNDACION,JOSE RAMON CABALLERO FAJARDO,"49,785",No
Olancho,PARTIDO UNIFICACION DEMOCRATICA,ROSSEL LORENZO ARGUETA TEJEDA,"2,930",No
Olancho,PARTIDO ANTICORRUPCION,NORMA SAGRARIO RIVERA FERRERA,"2,530",No
Olancho,PARTIDO DEMOCRATA CRISTIANO,ERLIN ANTONIO HERNANDES CACERES,"2,275",No
Olancho,PARTIDO NACIONAL DE HONDURAS,DENNIS LIZANDRO MEJIA ZELAYA,"58,927",No
Olancho,PARTIDO ALIANZA PATRIOTICA,LINDOLFO RAFAEL GODOY CABRERA,"1,422",No
Olancho,PARTIDO INNOVACION Y UNIDAD SD,ANDRES EDUARDO HERNANDEZ,"1,255",No
Olancho,PARTIDO FRENTE AMPLIO POLITICO ELECTORAL,MILTON AUGUSTO HERNANDEZ ANDRADE,467,No
Olancho,PARTIDO LIBERAL DE HONDURAS,SIFRED EUGENIO BROWN MENDEZ,"16,044",No
Olancho,PARTIDO LIBERTAD Y REFUNDACION,MARIO ARTURO PADILLA MENDOZA,"48,259",No
Olancho,PARTIDO UNIFICACION DEMOCRATICA,JUAN ALBERTO RODRIGUEZ MERCADAL,"2,451",No
Olancho,PARTIDO ANTICORRUPCION,DIANA MARIBEL HERNANDEZ BLANDIN,"2,374",No
Olancho,PARTIDO DEMOCRATA CRISTIANO,LORENZA DEL CARMEN AGUILAR GALEANO,"1,620",No
Olancho,PARTIDO NACIONAL DE HONDURAS,GILLIAM GUIFARRO MONTES DE OCA,"54,560",No
Olancho,PARTIDO ALIANZA PATRIOTICA,ALEX DAVID SANDOVAL SABONGE,"1,222",No
Olancho,PARTIDO INNOVACION Y UNIDAD SD,MARIA ISABEL GARCIA LOPEZ,568,No
Olancho,PARTIDO FRENTE AMPLIO POLITICO ELECTORAL,MANUEL ALEXIS RODRIGUEZ BANEGAS,465,No
Olancho,PARTIDO LIBERAL DE HONDURAS,JUSTO RENE MARTINEZ MIRALDA,"13,121",No
Olancho,PARTIDO LIBERTAD Y REFUNDACION,JOSE SALVADOR ARNODO MERCADO,"47,344",No
Olancho,PARTIDO UNIFICACION DEMOCRATICA,WALTER MANRRIQUE JUAREZ HERNANDEZ,"2,200",No
Olancho,PARTIDO ANTICORRUPCION,BLANCA ROSA DEL SOCORRO RIVERA FERRERA,"2,289",No
Olancho,PARTIDO DEMOCRATA CRISTIANO,NORA BETINA RODRIGUEZ CACERES,"1,457",No
Olancho,PARTIDO ALIANZA PATRIOTICA,TANIA IVETH ROMERO LOBO,537,No
Olancho,PARTIDO INNOVACION Y UNIDAD SD,YOLANI ALBERTINA TALAVERA CRUZ,562,No
Olancho,PARTIDO FRENTE AMPLIO POLITICO ELECTORAL,LUIS FERNANDO HERNANDEZ MATEO,442,No
Olancho,PARTIDO LIBERAL DE HONDURAS,OSCAR ROLANDO FLORES PINOT,"12,246",No
Olancho,PARTIDO UNIFICACION DEMOCRATICA,AMALIA YANETH INESTROZA GUIFARRO,"1,817",No
Olancho,PARTIDO ANTICORRUPCION,OSMAN RONEY BANEGAS RUIZ,"2,130",No
Olancho,PARTIDO DEMOCRATA CRISTIANO,FREDY ALBERTO ORDOÑEZ ROMERO,718,No
Olancho,PARTIDO ALIANZA PATRIOTICA,LETICIA CAROLINA MADRID HERNANDEZ,460,No
Olancho,PARTIDO INNOVACION Y UNIDAD SD,DENNIS ENRRIQUE ROSALES MURILLO,553,No
Olancho,PARTIDO FRENTE AMPLIO POLITICO ELECTORAL,EDA ARGENTINA BONILLA BARRALAGA,406,No
Olancho,PARTIDO LIBERAL DE HONDURAS,LUIS BELTRAN IRIAS LAINEZ,"10,900",No
Olancho,PARTIDO UNIFICACION DEMOCRATICA,KARLA MARIBEL ALEMAN MEJIA,"1,705",No
Olancho,PARTIDO ANTICORRUPCION,ENMA MARIELA ROJAS PACHECO,"2,122",No
Olancho,PARTIDO DEMOCRATA CRISTIANO,BERNARDO ABRAHAN CUBAS,698,No
Olancho,PARTIDO ALIANZA PATRIOTICA,YESY MARISELA PAGOADA VILLAFRANC,450,No
Olancho,PARTIDO INNOVACION Y UNIDAD SD,SINDI CAROLINA VALDEZ MATUTE,327,No
Olancho,PARTIDO FRENTE AMPLIO POLITICO ELECTORAL,HECTOR LUIS RUBIO ARTICA,266,No
Santa Barbara,PARTIDO NACIONAL DE HONDURAS,ROLANDO DUBON BUESO,"63,760",SI
Santa Barbara,PARTIDO LIBERTAD Y REFUNDACION,EDGARDO ANTONIO CASAÑA MEJIA,"60,586",SI
Santa Barbara,PARTIDO NACIONAL DE HONDURAS,MARIO ALONSO PEREZ LOPEZ,"62,747",SI
Santa Barbara,PARTIDO LIBERTAD Y REFUNDACION,ALEJANDRA MARIA MANCIA GOMEZ,"60,271",SI
Santa Barbara,PARTIDO NACIONAL DE HONDURAS,MARTHA CONCEPCION FIGUEROA TORREZ,"60,892",SI
Santa Barbara,PARTIDO LIBERTAD Y REFUNDACION,DENNYS ANTONIO SANCHEZ FERNANDEZ,"58,954",SI
Santa Barbara,PARTIDO NACIONAL DE HONDURAS,CESAR ENRIQUE HANDAL FERNANDEZ,"60,469",SI
Santa Barbara,PARTIDO LIBERTAD Y REFUNDACION,CARLOS ALBERTO INTERIANO,"58,743",SI
Santa Barbara,PARTIDO LIBERAL DE HONDURAS,VICTOR ROLANDO SABILLON SABILLON,"21,035",SI
Santa Barbara,PARTIDO ANTICORRUPCION,MERLIN NOHE ESCOBAR HERNANDEZ,"7,168",No
Santa Barbara,PARTIDO UNIFICACION DEMOCRATICA,SERGIO ARTURO CASTELLANOS PERDOMO,"18,370",No
Santa Barbara,PARTIDO DEMOCRATA CRISTIANO,RAUL ALBERTO HERNANDEZ RIVERA,"5,767",No
Santa Barbara,PARTIDO FRENTE AMPLIO POLITICO ELECTORAL,ADALICIA CARDONA PONCE,635,No
Santa Barbara,PARTIDO ALIANZA PATRIOTICA,CARLOS JOSE BANEGAS,275,No
Santa Barbara,PARTIDO NACIONAL DE HONDURAS,SELMA YADIRA SILVA RODRIGUEZ,"56,340",No
Santa Barbara,PARTIDO LIBERTAD Y REFUNDACION,JORGE ENOC FLORES,"58,171",No
Santa Barbara,PARTIDO LIBERAL DE HONDURAS,JESUS DAGOBERTO PERDOMO CHAVEZ,"17,462",No
Santa Barbara,PARTIDO ANTICORRUPCION,GLORIA YASMIN MEZA ERAZO,"6,779",No
Santa Barbara,PARTIDO UNIFICACION DEMOCRATICA,OSCAR HUMBERTO MEJIA HERNANDEZ,"4,774",No
Santa Barbara,PARTIDO DEMOCRATA CRISTIANO,RAFAEL PAZ DERAS,"2,266",No
Santa Barbara,PARTIDO FRENTE AMPLIO POLITICO ELECTORAL,ELY SONIA PINEDA GUARDADO,497,No
Santa Barbara,PARTIDO ALIANZA PATRIOTICA,OSCAR ORLANDO GUZMAN BENNETT,273,No
Santa Barbara,PARTIDO NACIONAL DE HONDURAS,CLAUDIO ROBERTO PERDOMO INTERIANO,"55,459",No
Santa Barbara,PARTIDO LIBERTAD Y REFUNDACION,JOSE RAMON AMAYA CABALLERO,"57,637",No
Santa Barbara,PARTIDO LIBERAL DE HONDURAS,JUAN CARLOS ENAMORADO ALCANTARA,"11,830",No
Santa Barbara,PARTIDO ANTICORRUPCION,LEONEL AYALA FLORES,"6,450",No
Santa Barbara,PARTIDO UNIFICACION DEMOCRATICA,LIDUVINA PERDOMO CASTELLANOS,"3,171",No
Santa Barbara,PARTIDO DEMOCRATA CRISTIANO,EDIN ARMANDO RODRIGUEZ PINEDA,"2,089",No
Santa Barbara,PARTIDO FRENTE AMPLIO POLITICO ELECTORAL,JESUS BALTAZAR MARTINEZ TROCHEZ,491,No
Santa Barbara,PARTIDO ALIANZA PATRIOTICA,LUIS GUILLERMO RIVERA MEDRANO,261,No
Santa Barbara,PARTIDO NACIONAL DE HONDURAS,CARMEN ALICIA FUNEZ LEIVA,"54,125",No
Santa Barbara,PARTIDO LIBERTAD Y REFUNDACION,OSCAR ELVIR MENDOZA RODRIGUEZ,"56,472",No
Santa Barbara,PARTIDO LIBERAL DE HONDURAS,MARCO TULIO MUÑOZ LOPEZ,"8,918",No
Santa Barbara,PARTIDO ANTICORRUPCION,JOSE ADALID RIVERA PEREZ,"6,181",No
Santa Barbara,PARTIDO UNIFICACION DEMOCRATICA,JOSE RAMON GOMEZ,"3,008",No
Santa Barbara,PARTIDO DEMOCRATA CRISTIANO,ARGENTINA GARCIA,"1,964",No
Santa Barbara,PARTIDO FRENTE AMPLIO POLITICO ELECTORAL,JOSE RAMON VASQUEZ DIAZ,479,No
Santa Barbara,PARTIDO ALIANZA PATRIOTICA,CELENIA MARIA BORJAS MARTINEZ,236,No
Santa Barbara,PARTIDO NACIONAL DE HONDURAS,NELY PINEDA AYALA,"52,913",No
Santa Barbara,PARTIDO LIBERTAD Y REFUNDACION,RAMON ENRIQUE ROMERO GARCIA,"55,527",No
Santa Barbara,PARTIDO LIBERAL DE HONDURAS,MIRNA ANGELICA CARDONA RIVERA,"8,732",No
Santa Barbara,PARTIDO ANTICORRUPCION,TEODOCIO PAZ,"6,161",No
Santa Barbara,PARTIDO UNIFICACION DEMOCRATICA,IDANIA YADIRA RODRIGUEZ,"2,804",No
Santa Barbara,PARTIDO DEMOCRATA CRISTIANO,INDIRA ISABEL DELATTIBODIER AMAYA,"1,086",No
Santa Barbara,PARTIDO FRENTE AMPLIO POLITICO ELECTORAL,MARIA ENAMORADO,456,No
Santa Barbara,PARTIDO ALIANZA PATRIOTICA,GLENDA ARELY ALONZO BARAHONA,217,No
Santa Barbara,PARTIDO NACIONAL DE HONDURAS,DIXIE ROBERTO MEJIA AYALA,"52,297",No
Santa Barbara,PARTIDO LIBERTAD Y REFUNDACION,MEDARDO ROSA PINEDA,"47,467",No
Santa Barbara,PARTIDO LIBERAL DE HONDURAS,SONIA ARGENTINA FAJARDO REGALADO,"7,879",No
Santa Barbara,PARTIDO ANTICORRUPCION,JOSE MARIA PERDOMO ULLOA,"5,599",No
Santa Barbara,PARTIDO UNIFICACION DEMOCRATICA,LILY MAY OLIVER URBINA,"2,055",No
Santa Barbara,PARTIDO DEMOCRATA CRISTIANO,VALENTIN BENITEZ BANEGAS,935,No
Santa Barbara,PARTIDO FRENTE AMPLIO POLITICO ELECTORAL,DIGNA BENITEZ BENITEZ,422,No
Santa Barbara,PARTIDO ALIANZA PATRIOTICA,PASTORA MADRID GARCIA,210,No
Santa Barbara,PARTIDO LIBERAL DE HONDURAS,ROMMEL CABALLERO MEJIA,"7,642",No
Santa Barbara,PARTIDO ANTICORRUPCION,KENIA MARICELA LOPEZ GONZALES,"5,316",No
Santa Barbara,PARTIDO UNIFICACION DEMOCRATICA,CORONADO GOMEZ IZAGUIRRE,"1,840",No
Santa Barbara,PARTIDO DEMOCRATA CRISTIANO,MARLYN GICELA LOPEZ DUBON,915,No
Santa Barbara,PARTIDO FRENTE AMPLIO POLITICO ELECTORAL,JERSON ADALID MEJIA TROCHEZ,415,No
Santa Barbara,PARTIDO ALIANZA PATRIOTICA,JESUS GUILLERMO ALONZO TREJO,186,No
Santa Barbara,PARTIDO LIBERAL DE HONDURAS,LUIS EDGARDO MURILLO PINEDA,"7,509",No
Santa Barbara,PARTIDO ANTICORRUPCION,ALMA AZUCENA TERUEL MEDINA,"5,042",No
Santa Barbara,PARTIDO UNIFICACION DEMOCRATICA,MARIA TERESA SABILLON TURCIOS,"1,794",No
Santa Barbara,PARTIDO DEMOCRATA CRISTIANO,JUVENTINA RODRIGUEZ,813,No
Santa Barbara,PARTIDO FRENTE AMPLIO POLITICO ELECTORAL,MEDARDO ISAC ORELLANA ORELLANA,352,No
Santa Barbara,PARTIDO ALIANZA PATRIOTICA,OSVALDO OMAR CABALLERO RAPALO,151,No
Santa Barbara,PARTIDO LIBERAL DE HONDURAS,RINA CECILIA BARAHONA JEREZANO,"6,924",No
Santa Barbara,PARTIDO ANTICORRUPCION,FLORENTINA REYES HERRERA,"4,085",No
Santa Barbara,PARTIDO UNIFICACION DEMOCRATICA,BLANCA SUYAPA MEMBREÑO MATUTE,"1,344",No
Santa Barbara,PARTIDO DEMOCRATA CRISTIANO,YANIDA NAVIDAD REYES TORO,624,No
Santa Barbara,PARTIDO FRENTE AMPLIO POLITICO ELECTORAL,ANGEL MARIA HERRERA SANCHEZ,325,No
Santa Barbara,PARTIDO ALIANZA PATRIOTICA,FLORA IDALMA LOPEZ VALLECILLO,121,No
Valle,PARTIDO NACIONAL DE HONDURAS,JOSE TOMAS ZAMBRANO MOLINA,"26,042",SI
Valle,PARTIDO LIBERAL DE HONDURAS,JOSE ALFREDO SAAVEDRA PAZ,"24,924",SI
Valle,PARTIDO LIBERTAD Y REFUNDACION,ELEAZAR ALEXANDER JUAREZ SARABIA,"14,830",SI
Valle,PARTIDO NACIONAL DE HONDURAS,MARCOS ANTONIO VELASQUEZ,"19,694",SI
Valle,PARTIDO DEMOCRATA CRISTIANO,CARLOS HUMBERTO MANZANARES CABRERA,"5,578",No
Valle,PARTIDO ANTICORRUPCION,BERNABE LARIOS VILLATORO,"4,744",No
Valle,PARTIDO LIBERAL DE HONDURAS,ELIDA KARINA REYES POSADAS,"13,754",No
Valle,PARTIDO INNOVACION Y UNIDAD SD,MIGUEL ANGEL TALAVERA CRUZ,592,No
Valle,PARTIDO ALIANZA PATRIOTICA,ERWIN GUSTAVO BAQUEDANO MEJIA,490,No
Valle,PARTIDO UNIFICACION DEMOCRATICA,LINO GODINEZ,634,No
Valle,PARTIDO LIBERTAD Y REFUNDACION,RONY JAVIER PAZ REYES,"11,785",No
Valle,PARTIDO NACIONAL DE HONDURAS,LUZ ARELY VALDEZ MELENDEZ,"17,972",No
Valle,PARTIDO DEMOCRATA CRISTIANO,FLORA AZUCENA AVILA MATAMOROS,"2,464",No
Valle,PARTIDO ANTICORRUPCION,DANIELA PAOLA FLORES MORALES,"2,112",No
Valle,PARTIDO LIBERAL DE HONDURAS,JERONIMO ARISTIDES GONZALES HERNANDEZ,"12,617",No
Valle,PARTIDO INNOVACION Y UNIDAD SD,DENIS AMILCAR FLORES ORTIZ,537,No
Valle,PARTIDO ALIANZA PATRIOTICA,JOSE CATALINO MARTINEZ GARCIA,318,No
Valle,PARTIDO UNIFICACION DEMOCRATICA,MARTIR EUSEBIO ALVARADO IZAGUIRRE,396,No
Valle,PARTIDO LIBERTAD Y REFUNDACION,WILFREDO GUEVARA TRUJILLO,"11,730",No
Valle,PARTIDO NACIONAL DE HONDURAS,ANA JULIA GARCIA VILLALOBOS,"17,788",No
Valle,PARTIDO DEMOCRATA CRISTIANO,JISELA ROSMERY GODINEZ NUÑEZ,"2,280",No
Valle,PARTIDO ANTICORRUPCION,EBESLY RIBAI REYES BUSTAMANTE,"1,438",No
Valle,PARTIDO LIBERAL DE HONDURAS,ROSARIO EMPERATRIS CARIAS,"12,281",No
Valle,PARTIDO INNOVACION Y UNIDAD SD,FRANCIS ALEJANDRA LINAREZ GUTIERREZ,489,No
Valle,PARTIDO ALIANZA PATRIOTICA,NANCY FABIOLA ALVARADO OSORIO,302,No
Valle,PARTIDO UNIFICACION DEMOCRATICA,KARLA PATRICIA AGUILERA VILLALOBOS,165,No
Valle,PARTIDO LIBERTAD Y REFUNDACION,RONY CRUZ CASTILLO,"9,831",No
Valle,PARTIDO DEMOCRATA CRISTIANO,RODRIGO ALEXIS ROMERO VILLALOBOS,"2,101",No
Valle,PARTIDO ANTICORRUPCION,KAREN LORENA LEMUS BERRIOS,"1,290",No
Valle,PARTIDO INNOVACION Y UNIDAD SD,LIDIA YESENIA CRUZ LAINEZ,433,No
Valle,PARTIDO ALIANZA PATRIOTICA,ELVA NOEMY MANZANARES VILLATORO,185,No
Valle,PARTIDO UNIFICACION DEMOCRATICA,ROXANA GABRIELA RAMIREZ RAMIREZ,74,No
Yoro,PARTIDO NACIONAL DE HONDURAS,MILTON JESUS PUERTO OSEGUERA,"54,105",SI
Yoro,PARTIDO LIBERTAD Y REFUNDACION,IRMA AIDA REYES COELLO,"44,654",SI
Yoro,PARTIDO NACIONAL DE HONDURAS,DIANA PATRICIA URBINA SOTO,"53,337",SI
Yoro,PARTIDO LIBERAL DE HONDURAS,JOSE VIVIAN PORTILLO RAMIREZ,"35,714",SI
Yoro,PARTIDO LIBERTAD Y REFUNDACION,PAULA CRECENCIA DURAN SOTO,"43,505",SI
Yoro,PARTIDO NACIONAL DE HONDURAS,JEFFREY ALEXANDER FLORES CHAVARRIA,"49,635",SI
Yoro,PARTIDO LIBERAL DE HONDURAS,MARITZA JANETH VARELA MARTINEZ,"33,753",SI
Yoro,PARTIDO ANTICORRUPCION,LIBERATO MADRID CASTRO,"14,967",SI
Yoro,PARTIDO LIBERTAD Y REFUNDACION,BARTOLO ANTONIO FUENTES,"42,586",SI
Yoro,PARTIDO UNIFICACION DEMOCRATICA,CESAR DAVID ADOLFO HAM PEÑA,"11,588",No
Yoro,PARTIDO DEMOCRATA CRISTIANO,DENIS JAVIER CRUZ MARTINEZ,"2,600",No
Yoro,PARTIDO INNOVACION Y UNIDAD SD,RAFAEL SANDOVAL BARDALES,"1,261",No
Yoro,PARTIDO FRENTE AMPLIO POLITICO ELECTORAL,MARVIN ALEXIS RAMIREZ JUAREZ,998,No
Yoro,PARTIDO ALIANZA PATRIOTICA,JERSON OMAR VELASQUEZ VILLATORO,746,No
Yoro,PARTIDO NACIONAL DE HONDURAS,JUAN CARLOS MOLINA PUERTO,"49,120",No
Yoro,PARTIDO LIBERAL DE HONDURAS,RICARDO ARTURO CRUZ NAVARRO,"33,503",No
Yoro,PARTIDO ANTICORRUPCION,ANGEL ROBERTO RIVERA PACHECO,"14,906",No
Yoro,PARTIDO LIBERTAD Y REFUNDACION,DANILO ALEXANDER TEJADA MURILLO,"42,043",No
Yoro,PARTIDO UNIFICACION DEMOCRATICA,HIPOLITA GRACIELA RODRIGUEZ,"6,729",No
Yoro,PARTIDO DEMOCRATA CRISTIANO,PAOLA ELENA ORELLANA MARTINEZ,"2,205",No
Yoro,PARTIDO INNOVACION Y UNIDAD SD,ALEJANDRO GALVEZ CANO,"1,152",No
Yoro,PARTIDO FRENTE AMPLIO POLITICO ELECTORAL,AYDEE MARGOTH SANDOVAL MENDOZA,803,No
Yoro,PARTIDO ALIANZA PATRIOTICA,HIGDA AMPARO ANDINO GUEVARA,666,No
Yoro,PARTIDO NACIONAL DE HONDURAS,RICARDO ARTURO BERMUDEZ WILLS,"46,708",No
Yoro,PARTIDO LIBERAL DE HONDURAS,DELMI GRACIELA RIVERA GUEVARA,"29,802",No
Yoro,PARTIDO ANTICORRUPCION,JORGE ADALID DIAZ MARTELL,"14,232",No
Yoro,PARTIDO LIBERTAD Y REFUNDACION,SANTOS ALFONZO VASQUEZ SANCHEZ,"41,825",No
Yoro,PARTIDO UNIFICACION DEMOCRATICA,SANTOS PAULINO CANTILLANO VELASQUEZ,"6,634",No
Yoro,PARTIDO DEMOCRATA CRISTIANO,FRANCISCO JAVIER FUNEZ ORTEGA,"2,176",No
Yoro,PARTIDO INNOVACION Y UNIDAD SD,JOSE DAVID CRUZ CRUZ,"1,109",No
Yoro,PARTIDO FRENTE AMPLIO POLITICO ELECTORAL,CLAUDIA PATRICIA ROSALES ELIAS,779,No
Yoro,PARTIDO ALIANZA PATRIOTICA,ARLENE JOSAARY REAÑOS LINARES,596,No
Yoro,PARTIDO NACIONAL DE HONDURAS,OSCAR REMBERTO HAWIT GARCIA,"43,996",No
Yoro,PARTIDO LIBERAL DE HONDURAS,MARIA LUISA PINEDA HERNANDEZ,"29,768",No
Yoro,PARTIDO ANTICORRUPCION,MARLENE YESENIA IZAGUIRRE VASQUEZ,"13,736",No
Yoro,PARTIDO LIBERTAD Y REFUNDACION,JAIRO MIGUEL HERNANDEZ,"41,261",No
Yoro,PARTIDO UNIFICACION DEMOCRATICA,HECTOR DARIO MARTINEZ SOLIZ,"6,492",No
Yoro,PARTIDO DEMOCRATA CRISTIANO,YADIRA YAMILETH REYES CABRERA,"2,118",No
Yoro,PARTIDO INNOVACION Y UNIDAD SD,MARIA MARLENIS YANEZ MALDONADO,971,No
Yoro,PARTIDO FRENTE AMPLIO POLITICO ELECTORAL,GLORIA ELIZABETH CABALLERO MOYA,696,No
Yoro,PARTIDO ALIANZA PATRIOTICA,MIGUEL ANGEL GARCIA FAJARDO,559,No
Yoro,PARTIDO NACIONAL DE HONDURAS,VICTOR MANUEL FONSECA FLORES,"43,116",No
Yoro,PARTIDO LIBERAL DE HONDURAS,DANIELA MARQUEZ RIVERA,"28,616",No
Yoro,PARTIDO ANTICORRUPCION,DENNIS JOHAN COLLINS ORELLANA,"13,274",No
Yoro,PARTIDO LIBERTAD Y REFUNDACION,MERCEDES EMILIA AVILA PANCHAME,"41,016",No
Yoro,PARTIDO UNIFICACION DEMOCRATICA,MIRIAN LIZZETH URBINA NAJERA,"5,885",No
Yoro,PARTIDO DEMOCRATA CRISTIANO,ADAN DE JESUS RAMIREZ FIGUEROA,"1,864",No
Yoro,PARTIDO INNOVACION Y UNIDAD SD,BLANCA ARACELY MATUTE SANCHEZ,952,No
Yoro,PARTIDO FRENTE AMPLIO POLITICO ELECTORAL,SARA LIZET SORTO LORENZO,585,No
Yoro,PARTIDO ALIANZA PATRIOTICA,NELSON DAVID LEIVA BANEGAS,526,No
Yoro,PARTIDO NACIONAL DE HONDURAS,NAVIL ENRIQUE HAWIT VALLE,"41,515",No
Yoro,PARTIDO LIBERAL DE HONDURAS,ROBERTO ANTONIO ORELLANA VELASQUEZ,"27,968",No
Yoro,PARTIDO ANTICORRUPCION,CLAUDIA LORENA FLORES LOPEZ,"13,207",No
Yoro,PARTIDO LIBERTAD Y REFUNDACION,ANA MARLEN MORALES REYES,"39,113",No
Yoro,PARTIDO UNIFICACION DEMOCRATICA,PRISILA ALVARADO EUCEDA,"5,863",No
Yoro,PARTIDO DEMOCRATA CRISTIANO,JUAN MANUEL LAGOS ORTIZ,"1,458",No
Yoro,PARTIDO INNOVACION Y UNIDAD SD,MARIA DEL CARMEN BONILLA MARTINEZ,844,No
Yoro,PARTIDO FRENTE AMPLIO POLITICO ELECTORAL,JOSE OMAR HERNANDEZ,542,No
Yoro,PARTIDO ALIANZA PATRIOTICA,EVELYN JEANNETH ARCHAGA VASQUEZ,397,No
Yoro,PARTIDO NACIONAL DE HONDURAS,RENE ALFREDO CHACON FLORES,"40,329",No
Yoro,PARTIDO LIBERAL DE HONDURAS,SERGIO ARMANDO DELGADO,"26,374",No
Yoro,PARTIDO ANTICORRUPCION,SILVIA MARIEL PONCE FERRUFINO,"13,041",No
Yoro,PARTIDO LIBERTAD Y REFUNDACION,HECTOR ANTONIO MEJIA,"38,537",No
Yoro,PARTIDO UNIFICACION DEMOCRATICA,NERIDA MARITZA YANES ANTUNEZ,"5,065",No
Yoro,PARTIDO DEMOCRATA CRISTIANO,JUAN CARLOS ARITA LICONA,"1,001",No
Yoro,PARTIDO INNOVACION Y UNIDAD SD,OSCAR MARDOQUEO LOPEZ MARTINEZ,810,No
Yoro,PARTIDO FRENTE AMPLIO POLITICO ELECTORAL,LESLY AMPARO ECHEVERRIA MATAMOROS,526,No
Yoro,PARTIDO ALIANZA PATRIOTICA,DILCIA ROSIBEL LOPEZ VELASQUEZ,329,No
Yoro,PARTIDO LIBERAL DE HONDURAS,ENRIQUE ORLANDO CANO PALMA,"23,816",No
Yoro,PARTIDO ANTICORRUPCION,FAUSTO RICARDO CARIAS MAHCHI,"12,856",No
Yoro,PARTIDO UNIFICACION DEMOCRATICA,RAFAEL SIBRIAN GUERRA,"4,927",No
Yoro,PARTIDO DEMOCRATA CRISTIANO,EVA ROSARIO MARTINEZ SANCHEZ,907,No
Yoro,PARTIDO INNOVACION Y UNIDAD SD,MARIA CONTRERAS LICONA,701,No
Yoro,PARTIDO FRENTE AMPLIO POLITICO ELECTORAL,JAIRO ROYLAN MENDOZA MEJIA,477,No
Yoro,PARTIDO ALIANZA PATRIOTICA,FRANCISCO YALIL MARTINEZ GABRIE,321,No
Yoro,PARTIDO ANTICORRUPCION,EUGENIA TURCIOS GARCIA,"12,271",No
Yoro,PARTIDO UNIFICACION DEMOCRATICA,MARLON EDGARDO VALERIANO CHANDIA,"4,193",No
Yoro,PARTIDO DEMOCRATA CRISTIANO,DORIS YANIRA BAUTISTA ORTIZ,671,No
Yoro,PARTIDO INNOVACION Y UNIDAD SD,JORGE ALBERTO ANDINO GARCIA,697,No
Yoro,PARTIDO FRENTE AMPLIO POLITICO ELECTORAL,MANUELA DEL CARMEN MALDONADO RODRIGUEZ,432,No
Yoro,PARTIDO ALIANZA PATRIOTICA,SANTOS FAUSTINO PADILLA FIGUEROA,263,No
