"","ID_0","ISO","NAME_0","ID_1","NAME_1","ID_2","NAME_2","VARNAME_2","NL_NAME_2","HASC_2","CC_2","TYPE_2","ENGTYPE_2","VALIDFR_2","VALIDTO_2","REMARKS_2","Shape_Leng","Shape_Area"
"0",99,"HND","Honduras",1189,"Copán",15041,"Dulce Nombre",NA,NA,"HN.CP.DN",NA,"Municipio","Municipality","Unknown","Unknown","Data on valid dates, altnames, and id codes are not available.",0.295586632835,0.002700195935
"1",99,"HND","Honduras",1189,"Copán",15042,"El Paraíso",NA,NA,"HN.CP.EP",NA,"Municipio","Municipality","Unknown","Unknown","Data on valid dates, altnames, and id codes are not available.",0.691381619403,0.022370212184
"2",99,"HND","Honduras",1189,"Copán",15043,"Florida",NA,NA,"HN.CP.FL",NA,"Municipio","Municipality","Unknown","Unknown","Data on valid dates, altnames, and id codes are not available.",1.14445427497,0.0302637341875
"3",99,"HND","Honduras",1189,"Copán",15044,"La Jigua",NA,NA,"HN.CP.LJ",NA,"Municipio","Municipality","Unknown","Unknown","Data on valid dates, altnames, and id codes are not available.",0.614349545728,0.0097387446005
"4",99,"HND","Honduras",1189,"Copán",15045,"La Unión",NA,NA,"HN.CP.LU",NA,"Municipio","Municipality","Unknown","Unknown","Data on valid dates, altnames, and id codes are not available.",0.698811400772,0.019454885986
"5",99,"HND","Honduras",1189,"Copán",15046,"Nueva Arcadia",NA,NA,"HN.CP.NA",NA,"Municipio","Municipality","Unknown","Unknown","Data on valid dates, altnames, and id codes are not available.",0.657105964965,0.013103115787
"6",99,"HND","Honduras",1189,"Copán",15047,"San Agustín",NA,NA,"HN.CP.SG",NA,"Municipio","Municipality","Unknown","Unknown","Data on valid dates, altnames, and id codes are not available.",0.340182891914,0.005226072724
"7",99,"HND","Honduras",1189,"Copán",15048,"San Antonio",NA,NA,"HN.CP.SA",NA,"Municipio","Municipality","Unknown","Unknown","Data on valid dates, altnames, and id codes are not available.",0.475208016612,0.010582547233
"8",99,"HND","Honduras",1189,"Copán",15049,"San Jerónimo",NA,NA,"HN.CM.SJ",NA,"Municipio","Municipality","Unknown","Unknown","Data on valid dates, altnames, and id codes are not available.",0.423066690511,0.006160337912
"9",99,"HND","Honduras",1189,"Copán",15050,"San José",NA,NA,"HN.CH.SJ",NA,"Municipio","Municipality","Unknown","Unknown","Data on valid dates, altnames, and id codes are not available.",0.385517959777,0.0052073020845
"10",99,"HND","Honduras",1189,"Copán",15051,"San Juan de Opoa",NA,NA,"HN.CP.SO",NA,"Municipio","Municipality","Unknown","Unknown","Data on valid dates, altnames, and id codes are not available.",0.390755351997,0.0062749296965
"11",99,"HND","Honduras",1189,"Copán",15052,"San Nicolás",NA,NA,"HN.CP.SN",NA,"Municipio","Municipality","Unknown","Unknown","Data on valid dates, altnames, and id codes are not available.",0.454317024622,0.0066328198615
"12",99,"HND","Honduras",1189,"Copán",15053,"San Pedro",NA,NA,"HN.CP.SP",NA,"Municipio","Municipality","Unknown","Unknown","Data on valid dates, altnames, and id codes are not available.",0.431398127292,0.00517778766351
"13",99,"HND","Honduras",1189,"Copán",15054,"Santa Rita",NA,NA,"HN.CP.SR",NA,"Municipio","Municipality","Unknown","Unknown","Data on valid dates, altnames, and id codes are not available.",0.745281730147,0.0257664840905
"14",99,"HND","Honduras",1189,"Copán",15055,"Santa Rosa de Copán",NA,NA,"HN.CP.SC",NA,"Municipio","Municipality","Unknown","Unknown","Data on valid dates, altnames, and id codes are not available.",1.2300435765,0.0249179042685
"15",99,"HND","Honduras",1189,"Copán",15056,"Trinidad",NA,NA,"HN.SB.TR",NA,"Municipio","Municipality","Unknown","Unknown","Data on valid dates, altnames, and id codes are not available.",0.431647202304,0.0064948254795
"16",99,"HND","Honduras",1189,"Copán",15057,"Veracruz",NA,NA,"HN.CP.VE",NA,"Municipio","Municipality","Unknown","Unknown","Data on valid dates, altnames, and id codes are not available.",0.260118826316,0.002845547141
"17",99,"HND","Honduras",1190,"Cortés",15058,"Choloma",NA,NA,"HN.CR.CH",NA,"Municipio","Municipality","Unknown","Unknown","Data on valid dates, altnames, and id codes are not available.",0.883023818703,0.0365380413705
"18",99,"HND","Honduras",1190,"Cortés",15059,"La Lima",NA,NA,"HN.CR.LL",NA,"Municipio","Municipality","Unknown","Unknown","Data on valid dates, altnames, and id codes are not available.",0.890834538251,0.010896712169
"19",99,"HND","Honduras",1190,"Cortés",15060,"Omoa",NA,NA,"HN.CR.OM",NA,"Municipio","Municipality","Unknown","Unknown","Data on valid dates, altnames, and id codes are not available.",1.4882646978,0.0336482587175
"20",99,"HND","Honduras",1190,"Cortés",15061,"Pimienta",NA,NA,"HN.CR.PI",NA,"Municipio","Municipality","Unknown","Unknown","Data on valid dates, altnames, and id codes are not available.",0.330660465741,0.004926026717
"21",99,"HND","Honduras",1190,"Cortés",15062,"Potrerillos",NA,NA,"HN.CR.PO",NA,"Municipio","Municipality","Unknown","Unknown","Data on valid dates, altnames, and id codes are not available.",0.527791025314,0.0076811657785
"22",99,"HND","Honduras",1190,"Cortés",15063,"Puerto Cortés",NA,NA,"HN.CR.PC",NA,"Municipio","Municipality","Unknown","Unknown","Data on valid dates, altnames, and id codes are not available.",1.79127418963,0.030036535728
"23",99,"HND","Honduras",1190,"Cortés",15064,"San Antonio de Cortés",NA,NA,"HN.CR.SA",NA,"Municipio","Municipality","Unknown","Unknown","Data on valid dates, altnames, and id codes are not available.",0.641331205172,0.0184951608305
"24",99,"HND","Honduras",1190,"Cortés",15065,"San Francisco de Yojoa",NA,NA,"HN.CR.SF",NA,"Municipio","Municipality","Unknown","Unknown","Data on valid dates, altnames, and id codes are not available.",0.370061799188,0.0071641349545
"25",99,"HND","Honduras",1190,"Cortés",15066,"San Manuel",NA,NA,"HN.CR.SM",NA,"Municipio","Municipality","Unknown","Unknown","Data on valid dates, altnames, and id codes are not available.",0.643275788634,0.0113187772955
"26",99,"HND","Honduras",1190,"Cortés",15067,"San Pedro Sula",NA,NA,"HN.CR.SP",NA,"Municipio","Municipality","Unknown","Unknown","Data on valid dates, altnames, and id codes are not available.",1.67006433424,0.0769500576425
"27",99,"HND","Honduras",1190,"Cortés",15068,"Santa Cruz de Yojoa",NA,NA,"HN.CR.SC",NA,"Municipio","Municipality","Unknown","Unknown","Data on valid dates, altnames, and id codes are not available.",1.46652421883,0.065470374339
"28",99,"HND","Honduras",1190,"Cortés",15069,"Villanueva",NA,NA,"HN.CR.VI",NA,"Municipio","Municipality","Unknown","Unknown","Data on valid dates, altnames, and id codes are not available.",0.86244005161,0.029264248932
"29",99,"HND","Honduras",1191,"El Paraíso",15070,"Alauca",NA,NA,"HN.EP.AL",NA,"Municipio","Municipality","Unknown","Unknown","Data on valid dates, altnames, and id codes are not available.",0.693945907347,0.0150102427965
"30",99,"HND","Honduras",1191,"El Paraíso",15071,"Danlí",NA,NA,"HN.EP.DA",NA,"Municipio","Municipality","Unknown","Unknown","Data on valid dates, altnames, and id codes are not available.",2.15425664486,0.213933505364
"31",99,"HND","Honduras",1191,"El Paraíso",15072,"El Paraíso",NA,NA,"HN.CP.EP",NA,"Municipio","Municipality","Unknown","Unknown","Data on valid dates, altnames, and id codes are not available.",0.953358621909,0.032517522166
"32",99,"HND","Honduras",1191,"El Paraíso",15073,"Guinope",NA,NA,"HN.EP.GU",NA,"Municipio","Municipality","Unknown","Unknown","Data on valid dates, altnames, and id codes are not available.",0.718967278541,0.016503023304
"33",99,"HND","Honduras",1191,"El Paraíso",15074,"Jacaleapa",NA,NA,"HN.EP.JA",NA,"Municipio","Municipality","Unknown","Unknown","Data on valid dates, altnames, and id codes are not available.",0.599457328522,0.009176178889
"34",99,"HND","Honduras",1191,"El Paraíso",15075,"Liure",NA,NA,"HN.EP.LI",NA,"Municipio","Municipality","Unknown","Unknown","Data on valid dates, altnames, and id codes are not available.",0.394643763618,0.007105425082
"35",99,"HND","Honduras",1191,"El Paraíso",15076,"Morocelí",NA,NA,"HN.EP.MO",NA,"Municipio","Municipality","Unknown","Unknown","Data on valid dates, altnames, and id codes are not available.",1.02980262472,0.030127071848
"36",99,"HND","Honduras",1191,"El Paraíso",15077,"Oropolí",NA,NA,"HN.EP.OR",NA,"Municipio","Municipality","Unknown","Unknown","Data on valid dates, altnames, and id codes are not available.",0.569615414078,0.0139191808105
"37",99,"HND","Honduras",1191,"El Paraíso",15078,"Potrerillos",NA,NA,"HN.CR.PO",NA,"Municipio","Municipality","Unknown","Unknown","Data on valid dates, altnames, and id codes are not available.",0.522221761069,0.0103459856885
"38",99,"HND","Honduras",1191,"El Paraíso",15079,"San Antonio de Flores",NA,NA,"HN.CH.SF",NA,"Municipio","Municipality","Unknown","Unknown","Data on valid dates, altnames, and id codes are not available.",0.570635456167,0.012093649602
"39",99,"HND","Honduras",1191,"El Paraíso",15080,"San Lucas",NA,NA,"HN.EP.SL",NA,"Municipio","Municipality","Unknown","Unknown","Data on valid dates, altnames, and id codes are not available.",0.560121391063,0.010341571256
"40",99,"HND","Honduras",1191,"El Paraíso",15081,"San Matías",NA,NA,"HN.EP.SM",NA,"Municipio","Municipality","Unknown","Unknown","Data on valid dates, altnames, and id codes are not available.",0.502863217508,0.0094003209155
"41",99,"HND","Honduras",1191,"El Paraíso",15082,"Soledad",NA,NA,"HN.EP.SO",NA,"Municipio","Municipality","Unknown","Unknown","Data on valid dates, altnames, and id codes are not available.",0.509723840783,0.013229451361
"42",99,"HND","Honduras",1191,"El Paraíso",15083,"Teupasenti",NA,NA,"HN.EP.TP",NA,"Municipio","Municipality","Unknown","Unknown","Data on valid dates, altnames, and id codes are not available.",1.21827778537,0.0559538763865
"43",99,"HND","Honduras",1191,"El Paraíso",15084,"Texiguat",NA,NA,"HN.EP.TX",NA,"Municipio","Municipality","Unknown","Unknown","Data on valid dates, altnames, and id codes are not available.",0.64860924973,0.015814089447
"44",99,"HND","Honduras",1191,"El Paraíso",15085,"Trojes",NA,NA,"HN.EP.TR",NA,"Municipio","Municipality","Unknown","Unknown","Data on valid dates, altnames, and id codes are not available.",2.04282768661,0.112765900134
"45",99,"HND","Honduras",1191,"El Paraíso",15086,"Vado Ancho",NA,NA,"HN.EP.VA",NA,"Municipio","Municipality","Unknown","Unknown","Data on valid dates, altnames, and id codes are not available.",0.410250715395,0.005381574741
"46",99,"HND","Honduras",1191,"El Paraíso",15087,"Yauyupe",NA,NA,"HN.EP.YA",NA,"Municipio","Municipality","Unknown","Unknown","Data on valid dates, altnames, and id codes are not available.",0.336112194682,0.0060537583385
"47",99,"HND","Honduras",1191,"El Paraíso",15088,"Yuscarán",NA,NA,"HN.EP.YU",NA,"Municipio","Municipality","Unknown","Unknown","Data on valid dates, altnames, and id codes are not available.",0.829556199243,0.0272756193205
"48",99,"HND","Honduras",1192,"Francisco Morazán",15089,"Alubarén",NA,NA,"HN.FM.AL",NA,"Municipio","Municipality","Unknown","Unknown","Data on valid dates, altnames, and id codes are not available.",0.303308055646,0.0038538631115
"49",99,"HND","Honduras",1192,"Francisco Morazán",15090,"Cedros",NA,NA,"HN.FM.CE",NA,"Municipio","Municipality","Unknown","Unknown","Data on valid dates, altnames, and id codes are not available.",1.55546773481,0.066062865972
"50",99,"HND","Honduras",1192,"Francisco Morazán",15091,"Curarén",NA,NA,"HN.FM.CU",NA,"Municipio","Municipality","Unknown","Unknown","Data on valid dates, altnames, and id codes are not available.",0.737072670323,0.025277434344
"51",99,"HND","Honduras",1192,"Francisco Morazán",15092,"Distrito Central",NA,NA,"HN.FM.DC",NA,"Municipio","Municipality","Unknown","Unknown","Data on valid dates, altnames, and id codes are not available.",2.11029149239,0.123716909159
"52",99,"HND","Honduras",1192,"Francisco Morazán",15093,"El Porvenir",NA,NA,"HN.AT.EP",NA,"Municipio","Municipality","Unknown","Unknown","Data on valid dates, altnames, and id codes are not available.",1.20967156349,0.034698932273
"53",99,"HND","Honduras",1192,"Francisco Morazán",15094,"Guaimaca",NA,NA,"HN.FM.GU",NA,"Municipio","Municipality","Unknown","Unknown","Data on valid dates, altnames, and id codes are not available.",1.26186913795,0.065815939619
"54",99,"HND","Honduras",1192,"Francisco Morazán",15095,"La Libertad",NA,NA,"HN.CM.LB",NA,"Municipio","Municipality","Unknown","Unknown","Data on valid dates, altnames, and id codes are not available.",0.274094848028,0.003037687637
"55",99,"HND","Honduras",1192,"Francisco Morazán",15096,"La Venta",NA,NA,"HN.FM.LV",NA,"Municipio","Municipality","Unknown","Unknown","Data on valid dates, altnames, and id codes are not available.",0.48517030996,0.0103179869205
"56",99,"HND","Honduras",1192,"Francisco Morazán",15097,"Lepaterique",NA,NA,"HN.FM.LE",NA,"Municipio","Municipality","Unknown","Unknown","Data on valid dates, altnames, and id codes are not available.",0.948925625576,0.046634757688
"57",99,"HND","Honduras",1192,"Francisco Morazán",15098,"Maraita",NA,NA,"HN.FM.MT",NA,"Municipio","Municipality","Unknown","Unknown","Data on valid dates, altnames, and id codes are not available.",0.674735173632,0.021623494799
"58",99,"HND","Honduras",1192,"Francisco Morazán",15099,"Marale",NA,NA,"HN.FM.ML",NA,"Municipio","Municipality","Unknown","Unknown","Data on valid dates, altnames, and id codes are not available.",0.964887390674,0.039508205687
"59",99,"HND","Honduras",1192,"Francisco Morazán",15100,"Nueva Armenia",NA,NA,"HN.FM.NA",NA,"Municipio","Municipality","Unknown","Unknown","Data on valid dates, altnames, and id codes are not available.",0.658462529391,0.01448299968
"60",99,"HND","Honduras",1192,"Francisco Morazán",15101,"Ojojona",NA,NA,"HN.FM.OJ",NA,"Municipio","Municipality","Unknown","Unknown","Data on valid dates, altnames, and id codes are not available.",0.771945937481,0.0215711496755
"61",99,"HND","Honduras",1192,"Francisco Morazán",15102,"Orica",NA,NA,"HN.FM.OR",NA,"Municipio","Municipality","Unknown","Unknown","Data on valid dates, altnames, and id codes are not available.",0.915352981928,0.028472835024
"62",99,"HND","Honduras",1192,"Francisco Morazán",15103,"Reitoca",NA,NA,"HN.FM.RE",NA,"Municipio","Municipality","Unknown","Unknown","Data on valid dates, altnames, and id codes are not available.",0.571774253571,0.0160719418545
"63",99,"HND","Honduras",1192,"Francisco Morazán",15104,"Sabanagrande",NA,NA,"HN.FM.SG",NA,"Municipio","Municipality","Unknown","Unknown","Data on valid dates, altnames, and id codes are not available.",0.807233124355,0.0206545147845
"64",99,"HND","Honduras",1199,"Olancho",15211,"El Rosario",NA,NA,"HN.CM.ER",NA,"Municipio","Municipality","Unknown","Unknown","Data on valid dates, altnames, and id codes are not available.",0.491743895116,0.0116482410645
"65",99,"HND","Honduras",1199,"Olancho",15212,"Esquipulas del Norte",NA,NA,"HN.OL.EN",NA,"Municipio","Municipality","Unknown","Unknown","Data on valid dates, altnames, and id codes are not available.",0.94165184407,0.0394828265775
"66",99,"HND","Honduras",1199,"Olancho",15213,"Gualaco",NA,NA,"HN.OL.GL",NA,"Municipio","Municipality","Unknown","Unknown","Data on valid dates, altnames, and id codes are not available.",2.69396503658,0.186599602784
"67",99,"HND","Honduras",1199,"Olancho",15214,"Guarizama",NA,NA,"HN.OL.GR",NA,"Municipio","Municipality","Unknown","Unknown","Data on valid dates, altnames, and id codes are not available.",0.596922736037,0.01669087867
"68",99,"HND","Honduras",1199,"Olancho",15215,"Guata",NA,NA,"HN.OL.GT",NA,"Municipio","Municipality","Unknown","Unknown","Data on valid dates, altnames, and id codes are not available.",1.29195127354,0.069858574551
"69",99,"HND","Honduras",1199,"Olancho",15216,"Guayape",NA,NA,"HN.OL.GY",NA,"Municipio","Municipality","Unknown","Unknown","Data on valid dates, altnames, and id codes are not available.",0.905737072204,0.0349659784245
"70",99,"HND","Honduras",1199,"Olancho",15217,"Jano",NA,NA,"HN.OL.JA",NA,"Municipio","Municipality","Unknown","Unknown","Data on valid dates, altnames, and id codes are not available.",0.99793691319,0.0290191149825
"71",99,"HND","Honduras",1199,"Olancho",15218,"Juticalpa",NA,NA,"HN.OL.JU",NA,"Municipio","Municipality","Unknown","Unknown","Data on valid dates, altnames, and id codes are not available.",2.78074309433,0.224570675033
"72",99,"HND","Honduras",1199,"Olancho",15219,"La Unión",NA,NA,"HN.CP.LU",NA,"Municipio","Municipality","Unknown","Unknown","Data on valid dates, altnames, and id codes are not available.",1.02115487156,0.046795074901
"73",99,"HND","Honduras",1186,"Choluteca",14989,"Choluteca",NA,NA,"HN.CH.CH",NA,"Municipio","Municipality","Unknown","Unknown","Data on valid dates, altnames, and id codes are not available.",2.64651777689,0.091055045122
"74",99,"HND","Honduras",1186,"Choluteca",14990,"Concepción de Maria",NA,NA,"HN.CH.CM",NA,"Municipio","Municipality","Unknown","Unknown","Data on valid dates, altnames, and id codes are not available.",0.5626073789,0.013467551825
"75",99,"HND","Honduras",1186,"Choluteca",14991,"Duyure",NA,NA,"HN.CH.DU",NA,"Municipio","Municipality","Unknown","Unknown","Data on valid dates, altnames, and id codes are not available.",0.539418336029,0.0087795101185
"76",99,"HND","Honduras",1186,"Choluteca",14992,"El Corpus",NA,NA,"HN.CH.EC",NA,"Municipio","Municipality","Unknown","Unknown","Data on valid dates, altnames, and id codes are not available.",0.726231756061,0.019839182601
"77",99,"HND","Honduras",1186,"Choluteca",14993,"El Triunfo",NA,NA,"HN.CH.ET",NA,"Municipio","Municipality","Unknown","Unknown","Data on valid dates, altnames, and id codes are not available.",0.737595138202,0.024955993203
"78",99,"HND","Honduras",1186,"Choluteca",14994,"Marcovia",NA,NA,"HN.CH.MA",NA,"Municipio","Municipality","Unknown","Unknown","Data on valid dates, altnames, and id codes are not available.",2.23845886663,0.041269779931
"79",99,"HND","Honduras",1186,"Choluteca",14995,"Morolica",NA,NA,"HN.CH.MO",NA,"Municipio","Municipality","Unknown","Unknown","Data on valid dates, altnames, and id codes are not available.",0.734523117111,0.022973747981
"80",99,"HND","Honduras",1199,"Olancho",15227,"Santa Maria del Real",NA,NA,"HN.OL.SM",NA,"Municipio","Municipality","Unknown","Unknown","Data on valid dates, altnames, and id codes are not available.",0.867960992928,0.019481343781
"81",99,"HND","Honduras",1199,"Olancho",15228,"Silca",NA,NA,"HN.OL.SI",NA,"Municipio","Municipality","Unknown","Unknown","Data on valid dates, altnames, and id codes are not available.",0.692566072379,0.0195941506005
"82",99,"HND","Honduras",1199,"Olancho",15229,"Yocón",NA,NA,"HN.OL.YO",NA,"Municipio","Municipality","Unknown","Unknown","Data on valid dates, altnames, and id codes are not available.",0.701718865482,0.0207625453495
"83",99,"HND","Honduras",1200,"Santa Bárbara",15230,"Arada",NA,NA,"HN.SB.AR",NA,"Municipio","Municipality","Unknown","Unknown","Data on valid dates, altnames, and id codes are not available.",0.534511671725,0.009038581816
"84",99,"HND","Honduras",1200,"Santa Bárbara",15231,"Atima",NA,NA,"HN.SB.AT",NA,"Municipio","Municipality","Unknown","Unknown","Data on valid dates, altnames, and id codes are not available.",0.673358308027,0.01634756207
"85",99,"HND","Honduras",1200,"Santa Bárbara",15232,"Azacualpa",NA,NA,"HN.SB.AZ",NA,"Municipio","Municipality","Unknown","Unknown","Data on valid dates, altnames, and id codes are not available.",0.592173712432,0.0181653703775
"86",99,"HND","Honduras",1200,"Santa Bárbara",15233,"Ceguaca",NA,NA,"HN.SB.CE",NA,"Municipio","Municipality","Unknown","Unknown","Data on valid dates, altnames, and id codes are not available.",0.32021924724,0.004450012506
"87",99,"HND","Honduras",1201,"Valle",15261,"Caridad",NA,NA,"HN.VA.CA",NA,"Municipio","Municipality","Unknown","Unknown","Data on valid dates, altnames, and id codes are not available.",0.290592970113,0.003861330577
"88",99,"HND","Honduras",1201,"Valle",15262,"Goascorán",NA,NA,"HN.VA.GO",NA,"Municipio","Municipality","Unknown","Unknown","Data on valid dates, altnames, and id codes are not available.",0.685455650045,0.0154201867755
"89",99,"HND","Honduras",1201,"Valle",15263,"Langue",NA,NA,"HN.VA.LA",NA,"Municipio","Municipality","Unknown","Unknown","Data on valid dates, altnames, and id codes are not available.",0.491061869446,0.0111890023605
"90",99,"HND","Honduras",1201,"Valle",15264,"Nacaome",NA,NA,"HN.VA.NA",NA,"Municipio","Municipality","Unknown","Unknown","Data on valid dates, altnames, and id codes are not available.",1.81685595977,0.0508643064025
"91",99,"HND","Honduras",1201,"Valle",15265,"San Francisco de Coray",NA,NA,"HN.VA.SF",NA,"Municipio","Municipality","Unknown","Unknown","Data on valid dates, altnames, and id codes are not available.",0.430058849749,0.0074919362625
"92",99,"HND","Honduras",1201,"Valle",15266,"San Lorenzo",NA,NA,"HN.VA.SL",NA,"Municipio","Municipality","Unknown","Unknown","Data on valid dates, altnames, and id codes are not available.",1.68717864947,0.015034281542
"93",99,"HND","Honduras",1185,"Atlántida",14980,"Arizona",NA,NA,"HN.AT.AR",NA,"Municipio","Municipality","Unknown","Unknown","Data on valid dates, altnames, and id codes are not available.",1.38275790927,0.0412720610995
"94",99,"HND","Honduras",1185,"Atlántida",14981,"El Porvenir",NA,NA,"HN.AT.EP",NA,"Municipio","Municipality","Unknown","Unknown","Data on valid dates, altnames, and id codes are not available.",1.06903168491,0.0248101906695
"95",99,"HND","Honduras",1185,"Atlántida",14982,"Esparta",NA,NA,"HN.AT.ES",NA,"Municipio","Municipality","Unknown","Unknown","Data on valid dates, altnames, and id codes are not available.",1.71604933948,0.040838390864
"96",99,"HND","Honduras",1185,"Atlántida",14983,"Jutiapa",NA,NA,"HN.AT.JU",NA,"Municipio","Municipality","Unknown","Unknown","Data on valid dates, altnames, and id codes are not available.",0.99821164126,0.0453246455645
"97",99,"HND","Honduras",1185,"Atlántida",14984,"La Ceiba",NA,NA,"HN.AT.LC",NA,"Municipio","Municipality","Unknown","Unknown","Data on valid dates, altnames, and id codes are not available.",1.48419438884,0.0561021731935
"98",99,"HND","Honduras",1185,"Atlántida",14985,"La Masica",NA,NA,"HN.AT.LM",NA,"Municipio","Municipality","Unknown","Unknown","Data on valid dates, altnames, and id codes are not available.",1.31954976782,0.0391846003985
"99",99,"HND","Honduras",1185,"Atlántida",14986,"San Francisco",NA,NA,"HN.AT.SF",NA,"Municipio","Municipality","Unknown","Unknown","Data on valid dates, altnames, and id codes are not available.",1.08565499335,0.024107399075
"100",99,"HND","Honduras",1185,"Atlántida",14987,"Tela",NA,NA,"HN.AT.TE",NA,"Municipio","Municipality","Unknown","Unknown","Data on valid dates, altnames, and id codes are not available.",2.3485317496,0.103654330074
"101",99,"HND","Honduras",1186,"Choluteca",14988,"Apacilagua",NA,NA,"HN.CH.AP",NA,"Municipio","Municipality","Unknown","Unknown","Data on valid dates, altnames, and id codes are not available.",0.610103386387,0.0179554594615
"102",99,"HND","Honduras",1186,"Choluteca",14996,"Namasigue",NA,NA,"HN.CH.NA",NA,"Municipio","Municipality","Unknown","Unknown","Data on valid dates, altnames, and id codes are not available.",0.663464052628,0.017360999511
"103",99,"HND","Honduras",1186,"Choluteca",14997,"Orocuina",NA,NA,"HN.CH.OR",NA,"Municipio","Municipality","Unknown","Unknown","Data on valid dates, altnames, and id codes are not available.",0.546048656259,0.009876034849
"104",99,"HND","Honduras",1186,"Choluteca",14998,"Pespire",NA,NA,"HN.CH.PE",NA,"Municipio","Municipality","Unknown","Unknown","Data on valid dates, altnames, and id codes are not available.",0.910734300586,0.0284211668995
"105",99,"HND","Honduras",1186,"Choluteca",14999,"San Antonio de Flores",NA,NA,"HN.CH.SF",NA,"Municipio","Municipality","Unknown","Unknown","Data on valid dates, altnames, and id codes are not available.",0.276348782955,0.0043237957395
"106",99,"HND","Honduras",1186,"Choluteca",15000,"San Isidro",NA,NA,"HN.CH.SI",NA,"Municipio","Municipality","Unknown","Unknown","Data on valid dates, altnames, and id codes are not available.",0.293404464058,0.005570940931
"107",99,"HND","Honduras",1186,"Choluteca",15001,"San José",NA,NA,"HN.CH.SJ",NA,"Municipio","Municipality","Unknown","Unknown","Data on valid dates, altnames, and id codes are not available.",0.377699000493,0.0053641459685
"108",99,"HND","Honduras",1186,"Choluteca",15002,"San Marcos de Colón",NA,NA,"HN.CH.SM",NA,"Municipio","Municipality","Unknown","Unknown","Data on valid dates, altnames, and id codes are not available.",1.05136437177,0.05088519782
"109",99,"HND","Honduras",1186,"Choluteca",15003,"Santa Ana de Yusguare",NA,NA,"HN.CH.SY",NA,"Municipio","Municipality","Unknown","Unknown","Data on valid dates, altnames, and id codes are not available.",0.387961679049,0.006197471676
"110",99,"HND","Honduras",1187,"Colón",15004,"Balfate",NA,NA,"HN.CL.BA",NA,"Municipio","Municipality","Unknown","Unknown","Data on valid dates, altnames, and id codes are not available.",1.27262105674,0.0338798931455
"111",99,"HND","Honduras",1187,"Colón",15005,"Bonito Oriental",NA,NA,"HN.CL.BO",NA,"Municipio","Municipality","Unknown","Unknown","Data on valid dates, altnames, and id codes are not available.",1.21392755619,0.043324287406
"112",99,"HND","Honduras",1187,"Colón",15006,"Iriona",NA,NA,"HN.CL.IR",NA,"Municipio","Municipality","Unknown","Unknown","Data on valid dates, altnames, and id codes are not available.",3.01562480769,0.329920746899
"113",99,"HND","Honduras",1187,"Colón",15007,"Limón",NA,NA,"HN.CL.LI",NA,"Municipio","Municipality","Unknown","Unknown","Data on valid dates, altnames, and id codes are not available.",1.28126439274,0.0529340056345
"114",99,"HND","Honduras",1187,"Colón",15008,"Sabá",NA,NA,"HN.CL.SA",NA,"Municipio","Municipality","Unknown","Unknown","Data on valid dates, altnames, and id codes are not available.",0.948250165599,0.0306335682395
"115",99,"HND","Honduras",1187,"Colón",15009,"Santa Fé",NA,NA,"HN.CL.SF",NA,"Municipio","Municipality","Unknown","Unknown","Data on valid dates, altnames, and id codes are not available.",0.658676379358,0.0159348900425
"116",99,"HND","Honduras",1187,"Colón",15010,"Santa Rosa de Aguán",NA,NA,"HN.CL.SR",NA,"Municipio","Municipality","Unknown","Unknown","Data on valid dates, altnames, and id codes are not available.",1.10615089508,0.0111677947795
"117",99,"HND","Honduras",1187,"Colón",15011,"Sonaguera",NA,NA,"HN.CL.SO",NA,"Municipio","Municipality","Unknown","Unknown","Data on valid dates, altnames, and id codes are not available.",1.0106970094,0.0376567184775
"118",99,"HND","Honduras",1187,"Colón",15012,"Tocoa",NA,NA,"HN.CL.TO",NA,"Municipio","Municipality","Unknown","Unknown","Data on valid dates, altnames, and id codes are not available.",1.4237148747,0.0754383622825
"119",99,"HND","Honduras",1187,"Colón",15013,"Trujillo",NA,NA,"HN.CL.TR",NA,"Municipio","Municipality","Unknown","Unknown","Data on valid dates, altnames, and id codes are not available.",2.72142403305,0.0783167725065
"120",99,"HND","Honduras",1188,"Comayagua",15014,"Ajuterique",NA,NA,"HN.CM.AJ",NA,"Municipio","Municipality","Unknown","Unknown","Data on valid dates, altnames, and id codes are not available.",0.343322018508,0.0049374396
"121",99,"HND","Honduras",1188,"Comayagua",15015,"Comayagua",NA,NA,"HN.CM.CO",NA,"Municipio","Municipality","Unknown","Unknown","Data on valid dates, altnames, and id codes are not available.",1.54450438807,0.066334439323
"122",99,"HND","Honduras",1188,"Comayagua",15016,"El Rosario",NA,NA,"HN.CM.ER",NA,"Municipio","Municipality","Unknown","Unknown","Data on valid dates, altnames, and id codes are not available.",0.995908299917,0.0230282270515
"123",99,"HND","Honduras",1188,"Comayagua",15017,"Esquías",NA,NA,"HN.CM.ES",NA,"Municipio","Municipality","Unknown","Unknown","Data on valid dates, altnames, and id codes are not available.",1.09650848197,0.030984059881
"124",99,"HND","Honduras",1188,"Comayagua",15018,"Humuya",NA,NA,"HN.CM.HU",NA,"Municipio","Municipality","Unknown","Unknown","Data on valid dates, altnames, and id codes are not available.",0.415284971036,0.004078437614
"125",99,"HND","Honduras",1188,"Comayagua",15019,"La Libertad",NA,NA,"HN.CM.LB",NA,"Municipio","Municipality","Unknown","Unknown","Data on valid dates, altnames, and id codes are not available.",1.15222518637,0.025260728226
"126",99,"HND","Honduras",1188,"Comayagua",15020,"La Trinidad",NA,NA,"HN.CM.LT",NA,"Municipio","Municipality","Unknown","Unknown","Data on valid dates, altnames, and id codes are not available.",0.439682687226,0.007616459527
"127",99,"HND","Honduras",1188,"Comayagua",15021,"Lamaní",NA,NA,"HN.CM.LA",NA,"Municipio","Municipality","Unknown","Unknown","Data on valid dates, altnames, and id codes are not available.",0.912454107564,0.0256686295265
"128",99,"HND","Honduras",1188,"Comayagua",15022,"Las Lajas",NA,NA,"HN.CM.LJ",NA,"Municipio","Municipality","Unknown","Unknown","Data on valid dates, altnames, and id codes are not available.",0.578142322162,0.0130846841305
"129",99,"HND","Honduras",1188,"Comayagua",15023,"Lejamaní",NA,NA,"HN.CM.LE",NA,"Municipio","Municipality","Unknown","Unknown","Data on valid dates, altnames, and id codes are not available.",0.236345908264,0.0016857667355
"130",99,"HND","Honduras",1188,"Comayagua",15024,"Meámbar",NA,NA,"HN.CM.ME",NA,"Municipio","Municipality","Unknown","Unknown","Data on valid dates, altnames, and id codes are not available.",0.935340498411,0.0346132561225
"131",99,"HND","Honduras",1188,"Comayagua",15025,"Minas de Oro",NA,NA,"HN.CM.MO",NA,"Municipio","Municipality","Unknown","Unknown","Data on valid dates, altnames, and id codes are not available.",1.15423073229,0.0315729728535
"132",99,"HND","Honduras",1188,"Comayagua",15026,"Ojo de Agua",NA,NA,"HN.CM.OA",NA,"Municipio","Municipality","Unknown","Unknown","Data on valid dates, altnames, and id codes are not available.",0.412074411414,0.00739272021
"133",99,"HND","Honduras",1188,"Comayagua",15027,"San Jerónimo",NA,NA,"HN.CM.SJ",NA,"Municipio","Municipality","Unknown","Unknown","Data on valid dates, altnames, and id codes are not available.",0.615727011958,0.017989558709
"134",99,"HND","Honduras",1188,"Comayagua",15028,"San José de Comayagua",NA,NA,"HN.CM.SC",NA,"Municipio","Municipality","Unknown","Unknown","Data on valid dates, altnames, and id codes are not available.",0.43522393158,0.007195244054
"135",99,"HND","Honduras",1188,"Comayagua",15029,"San José del Potrero",NA,NA,"HN.CM.SP",NA,"Municipio","Municipality","Unknown","Unknown","Data on valid dates, altnames, and id codes are not available.",0.687173472835,0.016207071807
"136",99,"HND","Honduras",1188,"Comayagua",15030,"San Luis",NA,NA,"HN.CM.SL",NA,"Municipio","Municipality","Unknown","Unknown","Data on valid dates, altnames, and id codes are not available.",0.423926107122,0.0100115421675
"137",99,"HND","Honduras",1188,"Comayagua",15031,"San Sebastián",NA,NA,"HN.CM.SS",NA,"Municipio","Municipality","Unknown","Unknown","Data on valid dates, altnames, and id codes are not available.",0.601446330203,0.00739646148
"138",99,"HND","Honduras",1188,"Comayagua",15032,"Siguatepeque",NA,NA,"HN.CM.SI",NA,"Municipio","Municipality","Unknown","Unknown","Data on valid dates, altnames, and id codes are not available.",1.05611934792,0.031656256784
"139",99,"HND","Honduras",1188,"Comayagua",15033,"Taulabe",NA,NA,"HN.CM.TA",NA,"Municipio","Municipality","Unknown","Unknown","Data on valid dates, altnames, and id codes are not available.",0.685101223094,0.0183929660015
"140",99,"HND","Honduras",1188,"Comayagua",15034,"Villa de San Antonio",NA,NA,"HN.CM.VS",NA,"Municipio","Municipality","Unknown","Unknown","Data on valid dates, altnames, and id codes are not available.",0.961467787092,0.028110413974
"141",99,"HND","Honduras",1189,"Copán",15035,"Cabañas",NA,NA,"HN.CP.CA",NA,"Municipio","Municipality","Unknown","Unknown","Data on valid dates, altnames, and id codes are not available.",0.458428975933,0.011353625728
"142",99,"HND","Honduras",1189,"Copán",15036,"Concepción",NA,NA,"HN.CP.CN",NA,"Municipio","Municipality","Unknown","Unknown","Data on valid dates, altnames, and id codes are not available.",0.519369755722,0.0062278112535
"143",99,"HND","Honduras",1189,"Copán",15037,"Copán Ruinas",NA,NA,"HN.CP.CR",NA,"Municipio","Municipality","Unknown","Unknown","Data on valid dates, altnames, and id codes are not available.",1.206907424,0.0315455296545
"144",99,"HND","Honduras",1189,"Copán",15038,"Corquín",NA,NA,"HN.CP.CQ",NA,"Municipio","Municipality","Unknown","Unknown","Data on valid dates, altnames, and id codes are not available.",0.63291120607,0.011516318435
"145",99,"HND","Honduras",1189,"Copán",15039,"Cucuyagua",NA,NA,"HN.CP.CU",NA,"Municipio","Municipality","Unknown","Unknown","Data on valid dates, altnames, and id codes are not available.",0.578473816258,0.0113450479975
"146",99,"HND","Honduras",1189,"Copán",15040,"Dolores",NA,NA,"HN.CP.DO",NA,"Municipio","Municipality","Unknown","Unknown","Data on valid dates, altnames, and id codes are not available.",0.368754652079,0.00396906423151
"147",99,"HND","Honduras",1192,"Francisco Morazán",15105,"San Antonio de Oriente",NA,NA,"HN.FM.SO",NA,"Municipio","Municipality","Unknown","Unknown","Data on valid dates, altnames, and id codes are not available.",0.673825524544,0.0176643263835
"148",99,"HND","Honduras",1192,"Francisco Morazán",15106,"San Buenaventura",NA,NA,"HN.FM.SB",NA,"Municipio","Municipality","Unknown","Unknown","Data on valid dates, altnames, and id codes are not available.",0.333832927582,0.0056196262505
"149",99,"HND","Honduras",1192,"Francisco Morazán",15107,"San Ignacio",NA,NA,"HN.FM.SI",NA,"Municipio","Municipality","Unknown","Unknown","Data on valid dates, altnames, and id codes are not available.",0.823867019021,0.028319271456
"150",99,"HND","Honduras",1192,"Francisco Morazán",15108,"San Juan de Flores",NA,NA,"HN.FM.SJ",NA,"Municipio","Municipality","Unknown","Unknown","Data on valid dates, altnames, and id codes are not available.",0.823853041952,0.0327480652695
"151",99,"HND","Honduras",1192,"Francisco Morazán",15109,"San Miguelito",NA,NA,"HN.FM.SM",NA,"Municipio","Municipality","Unknown","Unknown","Data on valid dates, altnames, and id codes are not available.",0.271346228796,0.003556458038
"152",99,"HND","Honduras",1192,"Francisco Morazán",15110,"Santa Ana",NA,NA,"HN.FM.SA",NA,"Municipio","Municipality","Unknown","Unknown","Data on valid dates, altnames, and id codes are not available.",0.555847531242,0.0070718038395
"153",99,"HND","Honduras",1192,"Francisco Morazán",15111,"Santa Lucía",NA,NA,"HN.FM.SL",NA,"Municipio","Municipality","Unknown","Unknown","Data on valid dates, altnames, and id codes are not available.",0.297220043829,0.004927532737
"154",99,"HND","Honduras",1192,"Francisco Morazán",15112,"Talanga",NA,NA,"HN.FM.TL",NA,"Municipio","Municipality","Unknown","Unknown","Data on valid dates, altnames, and id codes are not available.",1.02787418341,0.0355443466015
"155",99,"HND","Honduras",1192,"Francisco Morazán",15113,"Tatumbla",NA,NA,"HN.FM.TT",NA,"Municipio","Municipality","Unknown","Unknown","Data on valid dates, altnames, and id codes are not available.",0.362154447427,0.006579552603
"156",99,"HND","Honduras",1192,"Francisco Morazán",15114,"Valle de Ángeles",NA,NA,"HN.FM.VA",NA,"Municipio","Municipality","Unknown","Unknown","Data on valid dates, altnames, and id codes are not available.",0.509322523474,0.00817416882699
"157",99,"HND","Honduras",1192,"Francisco Morazán",15115,"Vallecillo",NA,NA,"HN.FM.VC",NA,"Municipio","Municipality","Unknown","Unknown","Data on valid dates, altnames, and id codes are not available.",0.634735322548,0.0173382302305
"158",99,"HND","Honduras",1192,"Francisco Morazán",15116,"Villa de San Francisco",NA,NA,"HN.FM.VS",NA,"Municipio","Municipality","Unknown","Unknown","Data on valid dates, altnames, and id codes are not available.",0.420200532984,0.0073960733565
"159",99,"HND","Honduras",1193,"Gracias a Dios",15117,"Ahuas",NA,NA,"HN.GD.AH",NA,"Municipio","Municipality","Unknown","Unknown","Data on valid dates, altnames, and id codes are not available.",2.26016288039,0.113338240259
"160",99,"HND","Honduras",1193,"Gracias a Dios",15118,"Brus Laguna",NA,NA,"HN.GD.BL",NA,"Municipio","Municipality","Unknown","Unknown","Data on valid dates, altnames, and id codes are not available.",6.45474522684,0.376008563685
"161",99,"HND","Honduras",1193,"Gracias a Dios",15119,"Juan Francisco Bulnes",NA,NA,"HN.GD.JF",NA,"Municipio","Municipality","Unknown","Unknown","Data on valid dates, altnames, and id codes are not available.",2.48513744465,0.0573078534585
"162",99,"HND","Honduras",1193,"Gracias a Dios",15120,"Puerto Lempira",NA,NA,"HN.GD.PL",NA,"Municipio","Municipality","Unknown","Unknown","Data on valid dates, altnames, and id codes are not available.",8.85964585153,0.627498553697
"163",99,"HND","Honduras",1193,"Gracias a Dios",15121,"Ramón Villeda Morales","Ramon V. Morales",NA,"HN.GD.RV",NA,"Municipio","Municipality","Unknown","Unknown","Data on valid dates, altnames, and id codes are not available.",1.82771369131,0.052868635773
"164",99,"HND","Honduras",1193,"Gracias a Dios",15122,"Wampusirpi",NA,NA,"HN.GD.WA",NA,"Municipio","Municipality","Unknown","Unknown","Data on valid dates, altnames, and id codes are not available.",2.84038992624,0.148064642357
"165",99,"HND","Honduras",1194,"Intibucá",15123,"Camasca",NA,NA,"HN.IN.CA",NA,"Municipio","Municipality","Unknown","Unknown","Data on valid dates, altnames, and id codes are not available.",0.351143771248,0.0046927092865
"166",99,"HND","Honduras",1194,"Intibucá",15124,"Colomoncagua",NA,NA,"HN.IN.CL",NA,"Municipio","Municipality","Unknown","Unknown","Data on valid dates, altnames, and id codes are not available.",0.648318072272,0.018258188797
"167",99,"HND","Honduras",1194,"Intibucá",15125,"Concepción",NA,NA,"HN.CP.CN",NA,"Municipio","Municipality","Unknown","Unknown","Data on valid dates, altnames, and id codes are not available.",0.401777632509,0.0070522196745
"168",99,"HND","Honduras",1194,"Intibucá",15126,"Dolores",NA,NA,"HN.CP.DO",NA,"Municipio","Municipality","Unknown","Unknown","Data on valid dates, altnames, and id codes are not available.",0.351535317688,0.0066552335725
"169",99,"HND","Honduras",1194,"Intibucá",15127,"Intibucá",NA,NA,"HN.IN.IN",NA,"Municipio","Municipality","Unknown","Unknown","Data on valid dates, altnames, and id codes are not available.",1.33151554858,0.043478296935
"170",99,"HND","Honduras",1194,"Intibucá",15128,"Jesús de Otoro",NA,NA,"HN.IN.JO",NA,"Municipio","Municipality","Unknown","Unknown","Data on valid dates, altnames, and id codes are not available.",0.969059481689,0.0361954979615
"171",99,"HND","Honduras",1194,"Intibucá",15129,"La Esperanza",NA,NA,"HN.IN.LE",NA,"Municipio","Municipality","Unknown","Unknown","Data on valid dates, altnames, and id codes are not available.",0.545319314056,0.0123756601805
"172",99,"HND","Honduras",1194,"Intibucá",15130,"Magdalena",NA,NA,"HN.IN.MD",NA,"Municipio","Municipality","Unknown","Unknown","Data on valid dates, altnames, and id codes are not available.",0.323882044792,0.00326211632
"173",99,"HND","Honduras",1194,"Intibucá",15131,"Masaguara",NA,NA,"HN.IN.MS",NA,"Municipio","Municipality","Unknown","Unknown","Data on valid dates, altnames, and id codes are not available.",0.846633076301,0.0209290844365
"174",99,"HND","Honduras",1194,"Intibucá",15132,"San Antonio",NA,NA,"HN.CP.SA",NA,"Municipio","Municipality","Unknown","Unknown","Data on valid dates, altnames, and id codes are not available.",0.478784374988,0.007959779912
"175",99,"HND","Honduras",1194,"Intibucá",15133,"San Francisco de Opalaca",NA,NA,"HN.IN.SF",NA,"Municipio","Municipality","Unknown","Unknown","Data on valid dates, altnames, and id codes are not available.",0.877604877351,0.0262922843465
"176",99,"HND","Honduras",1194,"Intibucá",15134,"San Isidro",NA,NA,"HN.CH.SI",NA,"Municipio","Municipality","Unknown","Unknown","Data on valid dates, altnames, and id codes are not available.",0.387704559283,0.0073289732675
"177",99,"HND","Honduras",1194,"Intibucá",15135,"San Juan",NA,NA,"HN.IN.SJ",NA,"Municipio","Municipality","Unknown","Unknown","Data on valid dates, altnames, and id codes are not available.",0.515656526787,0.0146817154215
"178",99,"HND","Honduras",1194,"Intibucá",15136,"San Marcos de la Sierra","San Marcos de Sierra",NA,"HN.IN.SS",NA,"Municipio","Municipality","Unknown","Unknown","Data on valid dates, altnames, and id codes are not available.",0.51326231349,0.011923895656
"179",99,"HND","Honduras",1194,"Intibucá",15137,"San Miguelito",NA,NA,"HN.FM.SM",NA,"Municipio","Municipality","Unknown","Unknown","Data on valid dates, altnames, and id codes are not available.",0.654542920533,0.013309386918
"180",99,"HND","Honduras",1194,"Intibucá",15138,"Santa Lucía",NA,NA,"HN.FM.SL",NA,"Municipio","Municipality","Unknown","Unknown","Data on valid dates, altnames, and id codes are not available.",0.405541250421,0.004133353775
"181",99,"HND","Honduras",1194,"Intibucá",15139,"Yamaranguila",NA,NA,"HN.IN.YA",NA,"Municipio","Municipality","Unknown","Unknown","Data on valid dates, altnames, and id codes are not available.",0.82866797711,0.025267140063
"182",99,"HND","Honduras",1195,"Islas de la Bahía",15140,"Guanaja",NA,NA,"HN.IB.GU",NA,"Municipio","Municipality","Unknown","Unknown","Data on valid dates, altnames, and id codes are not available.",0.757856069416,0.0048440817745
"183",99,"HND","Honduras",1195,"Islas de la Bahía",15141,"José Santos Guardiola",NA,NA,"HN.IB.JS",NA,"Municipio","Municipality","Unknown","Unknown","Data on valid dates, altnames, and id codes are not available.",1.06631885927,0.0042992492425
"184",99,"HND","Honduras",1195,"Islas de la Bahía",15142,"Roatán",NA,NA,"HN.IB.RO",NA,"Municipio","Municipality","Unknown","Unknown","Data on valid dates, altnames, and id codes are not available.",1.4398457807,0.0069640236125
"185",99,"HND","Honduras",1195,"Islas de la Bahía",15143,"Utila",NA,NA,"HN.IB.UT",NA,"Municipio","Municipality","Unknown","Unknown","Data on valid dates, altnames, and id codes are not available.",0.496034032656,0.0034884416255
"186",99,"HND","Honduras",1196,"La Paz",15144,"Aguaqueterique","Aguanqueterique",NA,"HN.LP.AG",NA,"Municipio","Municipality","Unknown","Unknown","Data on valid dates, altnames, and id codes are not available.",0.593018425144,0.014715931654
"187",99,"HND","Honduras",1196,"La Paz",15145,"Cabañas",NA,NA,"HN.CP.CA",NA,"Municipio","Municipality","Unknown","Unknown","Data on valid dates, altnames, and id codes are not available.",0.688460909067,0.0125767898765
"188",99,"HND","Honduras",1196,"La Paz",15146,"Cane",NA,NA,"HN.LP.CN",NA,"Municipio","Municipality","Unknown","Unknown","Data on valid dates, altnames, and id codes are not available.",0.355219516995,0.0037476665675
"189",99,"HND","Honduras",1196,"La Paz",15147,"Chinacla",NA,NA,"HN.LP.CH",NA,"Municipio","Municipality","Unknown","Unknown","Data on valid dates, altnames, and id codes are not available.",0.444147613492,0.005031423466
"190",99,"HND","Honduras",1196,"La Paz",15148,"Guajiquiro",NA,NA,"HN.LP.GU",NA,"Municipio","Municipality","Unknown","Unknown","Data on valid dates, altnames, and id codes are not available.",0.831641009864,0.0278273877825
"191",99,"HND","Honduras",1196,"La Paz",15149,"La Paz",NA,NA,"HN.LP.LP",NA,"Municipio","Municipality","Unknown","Unknown","Data on valid dates, altnames, and id codes are not available.",0.907798362564,0.018344685313
"192",99,"HND","Honduras",1196,"La Paz",15150,"Lauterique",NA,NA,"HN.LP.LA",NA,"Municipio","Municipality","Unknown","Unknown","Data on valid dates, altnames, and id codes are not available.",0.236082258455,0.002804237409
"193",99,"HND","Honduras",1196,"La Paz",15151,"Marcala",NA,NA,"HN.LP.MA",NA,"Municipio","Municipality","Unknown","Unknown","Data on valid dates, altnames, and id codes are not available.",0.964830057634,0.0181814053115
"194",99,"HND","Honduras",1196,"La Paz",15152,"Mercedes de Oriente",NA,NA,"HN.LP.MO",NA,"Municipio","Municipality","Unknown","Unknown","Data on valid dates, altnames, and id codes are not available.",0.320718564034,0.0029452925645
"195",99,"HND","Honduras",1196,"La Paz",15153,"Opatoro",NA,NA,"HN.LP.OP",NA,"Municipio","Municipality","Unknown","Unknown","Data on valid dates, altnames, and id codes are not available.",0.890113950794,0.0208222540385
"196",99,"HND","Honduras",1196,"La Paz",15154,"San Antonio del Norte",NA,NA,"HN.LP.SN",NA,"Municipio","Municipality","Unknown","Unknown","Data on valid dates, altnames, and id codes are not available.",0.401638584431,0.0055007385375
"197",99,"HND","Honduras",1196,"La Paz",15155,"San José",NA,NA,"HN.CH.SJ",NA,"Municipio","Municipality","Unknown","Unknown","Data on valid dates, altnames, and id codes are not available.",0.435353487615,0.0064488569395
"198",99,"HND","Honduras",1196,"La Paz",15156,"San Juan",NA,NA,"HN.IN.SJ",NA,"Municipio","Municipality","Unknown","Unknown","Data on valid dates, altnames, and id codes are not available.",0.298330327755,0.003939988559
"199",99,"HND","Honduras",1196,"La Paz",15157,"San Pedro de Tutule",NA,NA,"HN.LP.ST",NA,"Municipio","Municipality","Unknown","Unknown","Data on valid dates, altnames, and id codes are not available.",0.304375321213,0.003962094017
"200",99,"HND","Honduras",1196,"La Paz",15158,"Santa Ana",NA,NA,"HN.FM.SA",NA,"Municipio","Municipality","Unknown","Unknown","Data on valid dates, altnames, and id codes are not available.",1.02930445542,0.0157961864245
"201",99,"HND","Honduras",1196,"La Paz",15159,"Santa Elena",NA,NA,"HN.LP.SE",NA,"Municipio","Municipality","Unknown","Unknown","Data on valid dates, altnames, and id codes are not available.",0.576039223511,0.01395335108
"202",99,"HND","Honduras",1196,"La Paz",15160,"Santa María",NA,NA,"HN.LP.SM",NA,"Municipio","Municipality","Unknown","Unknown","Data on valid dates, altnames, and id codes are not available.",0.536535119274,0.008027966448
"203",99,"HND","Honduras",1196,"La Paz",15161,"Santiago de Puringla",NA,NA,"HN.LP.SP",NA,"Municipio","Municipality","Unknown","Unknown","Data on valid dates, altnames, and id codes are not available.",0.622454702269,0.0116582109685
"204",99,"HND","Honduras",1196,"La Paz",15162,"Yarula",NA,NA,"HN.LP.YA",NA,"Municipio","Municipality","Unknown","Unknown","Data on valid dates, altnames, and id codes are not available.",0.66555378241,0.008524631825
"205",99,"HND","Honduras",1197,"Lempira",15163,"Belen","Belén",NA,"HN.LE.BE",NA,"Municipio","Municipality","Unknown","Unknown","Data on valid dates, altnames, and id codes are not available.",0.700673191434,0.0164744761365
"206",99,"HND","Honduras",1197,"Lempira",15164,"Candelaria",NA,NA,"HN.LE.CA",NA,"Municipio","Municipality","Unknown","Unknown","Data on valid dates, altnames, and id codes are not available.",0.278612355494,0.004383094576
"207",99,"HND","Honduras",1197,"Lempira",15165,"Cololaca",NA,NA,"HN.LE.CO",NA,"Municipio","Municipality","Unknown","Unknown","Data on valid dates, altnames, and id codes are not available.",0.77825607516,0.018310463172
"208",99,"HND","Honduras",1197,"Lempira",15166,"Erandique",NA,NA,"HN.LE.ER",NA,"Municipio","Municipality","Unknown","Unknown","Data on valid dates, altnames, and id codes are not available.",0.84582602825,0.0250051937155
"209",99,"HND","Honduras",1197,"Lempira",15167,"Gracias",NA,NA,"HN.LE.GR",NA,"Municipio","Municipality","Unknown","Unknown","Data on valid dates, altnames, and id codes are not available.",1.02852787403,0.0360036966335
"210",99,"HND","Honduras",1197,"Lempira",15168,"Gualcince",NA,NA,"HN.LE.GC",NA,"Municipio","Municipality","Unknown","Unknown","Data on valid dates, altnames, and id codes are not available.",0.602098226706,0.0138200831175
"211",99,"HND","Honduras",1197,"Lempira",15169,"Guarita",NA,NA,"HN.LE.GT",NA,"Municipio","Municipality","Unknown","Unknown","Data on valid dates, altnames, and id codes are not available.",1.03748381416,0.0147301134965
"212",99,"HND","Honduras",1197,"Lempira",15170,"La Campa",NA,NA,"HN.LE.LC",NA,"Municipio","Municipality","Unknown","Unknown","Data on valid dates, altnames, and id codes are not available.",0.491154099373,0.0098322240305
"213",99,"HND","Honduras",1197,"Lempira",15171,"La Iguala",NA,NA,"HN.LE.LI",NA,"Municipio","Municipality","Unknown","Unknown","Data on valid dates, altnames, and id codes are not available.",1.07188227544,0.0308488985875
"214",99,"HND","Honduras",1197,"Lempira",15172,"La Unión",NA,NA,"HN.CP.LU",NA,"Municipio","Municipality","Unknown","Unknown","Data on valid dates, altnames, and id codes are not available.",0.371496701909,0.007602796337
"215",99,"HND","Honduras",1197,"Lempira",15173,"La Virtud",NA,NA,"HN.LE.LV",NA,"Municipio","Municipality","Unknown","Unknown","Data on valid dates, altnames, and id codes are not available.",0.412320788157,0.0067899120345
"216",99,"HND","Honduras",1197,"Lempira",15174,"Las Flores",NA,NA,"HN.LE.LF",NA,"Municipio","Municipality","Unknown","Unknown","Data on valid dates, altnames, and id codes are not available.",0.527814336211,0.005964864433
"217",99,"HND","Honduras",1197,"Lempira",15175,"Lepaera",NA,NA,"HN.LE.LE",NA,"Municipio","Municipality","Unknown","Unknown","Data on valid dates, altnames, and id codes are not available.",0.721155901907,0.025999860137
"218",99,"HND","Honduras",1197,"Lempira",15176,"Mapulaca",NA,NA,"HN.LE.MA",NA,"Municipio","Municipality","Unknown","Unknown","Data on valid dates, altnames, and id codes are not available.",0.247480890571,0.0024245645915
"219",99,"HND","Honduras",1197,"Lempira",15177,"Piraera",NA,NA,"HN.LE.PI",NA,"Municipio","Municipality","Unknown","Unknown","Data on valid dates, altnames, and id codes are not available.",0.645084978932,0.0146387143185
"220",99,"HND","Honduras",1197,"Lempira",15178,"San Andrés",NA,NA,"HN.LE.SA",NA,"Municipio","Municipality","Unknown","Unknown","Data on valid dates, altnames, and id codes are not available.",0.698858005267,0.020508626658
"221",99,"HND","Honduras",1197,"Lempira",15179,"San Francisco",NA,NA,"HN.AT.SF",NA,"Municipio","Municipality","Unknown","Unknown","Data on valid dates, altnames, and id codes are not available.",0.5367668113,0.0120290992035
"222",99,"HND","Honduras",1197,"Lempira",15180,"San Juan Guarita",NA,NA,"HN.LE.SJ",NA,"Municipio","Municipality","Unknown","Unknown","Data on valid dates, altnames, and id codes are not available.",0.391418431572,0.004246588091
"223",99,"HND","Honduras",1197,"Lempira",15181,"San Manuel Colohete","San Manuel del Colohete",NA,"HN.LE.SH",NA,"Municipio","Municipality","Unknown","Unknown","Data on valid dates, altnames, and id codes are not available.",0.601857780303,0.014458448635
"224",99,"HND","Honduras",1197,"Lempira",15182,"San Marcos de Caiquín",NA,NA,"HN.LE.SM",NA,"Municipio","Municipality","Unknown","Unknown","Data on valid dates, altnames, and id codes are not available.",0.48061077091,0.007374718805
"225",99,"HND","Honduras",1197,"Lempira",15183,"San Rafael",NA,NA,"HN.LE.SR",NA,"Municipio","Municipality","Unknown","Unknown","Data on valid dates, altnames, and id codes are not available.",0.472621565758,0.008702017845
"226",99,"HND","Honduras",1197,"Lempira",15184,"San Sebastian",NA,NA,"HN.LE.SS",NA,"Municipio","Municipality","Unknown","Unknown","Data on valid dates, altnames, and id codes are not available.",0.678026204639,0.019287664704
"227",99,"HND","Honduras",1197,"Lempira",15185,"Santa Cruz",NA,NA,"HN.LE.SC",NA,"Municipio","Municipality","Unknown","Unknown","Data on valid dates, altnames, and id codes are not available.",0.621176566058,0.0123181412645
"228",99,"HND","Honduras",1197,"Lempira",15186,"Talgua",NA,NA,"HN.LE.TG",NA,"Municipio","Municipality","Unknown","Unknown","Data on valid dates, altnames, and id codes are not available.",0.412654492273,0.0068296428665
"229",99,"HND","Honduras",1197,"Lempira",15187,"Tambla",NA,NA,"HN.LE.TB",NA,"Municipio","Municipality","Unknown","Unknown","Data on valid dates, altnames, and id codes are not available.",0.482121020206,0.005188817588
"230",99,"HND","Honduras",1197,"Lempira",15188,"Tomalá",NA,NA,"HN.LE.TO",NA,"Municipio","Municipality","Unknown","Unknown","Data on valid dates, altnames, and id codes are not available.",0.351780578271,0.003651355991
"231",99,"HND","Honduras",1197,"Lempira",15189,"Valladolid",NA,NA,"HN.LE.VA",NA,"Municipio","Municipality","Unknown","Unknown","Data on valid dates, altnames, and id codes are not available.",0.391752563731,0.006472860749
"232",99,"HND","Honduras",1197,"Lempira",15190,"Virginia",NA,NA,"HN.LE.VI",NA,"Municipio","Municipality","Unknown","Unknown","Data on valid dates, altnames, and id codes are not available.",0.239404131741,0.0022649596145
"233",99,"HND","Honduras",1198,"Ocotepeque",15191,"Belén Gualcho",NA,NA,"HN.OC.BG",NA,"Municipio","Municipality","Unknown","Unknown","Data on valid dates, altnames, and id codes are not available.",0.51689881047,0.0133638819635
"234",99,"HND","Honduras",1198,"Ocotepeque",15192,"Concepción",NA,NA,"HN.CP.CN",NA,"Municipio","Municipality","Unknown","Unknown","Data on valid dates, altnames, and id codes are not available.",0.670762211228,0.0110068697525
"235",99,"HND","Honduras",1198,"Ocotepeque",15193,"Dolores Merendon",NA,NA,"HN.OC.DM",NA,"Municipio","Municipality","Unknown","Unknown","Data on valid dates, altnames, and id codes are not available.",0.331880059487,0.0034907421125
"236",99,"HND","Honduras",1198,"Ocotepeque",15194,"Fraternidad",NA,NA,"HN.OC.FR",NA,"Municipio","Municipality","Unknown","Unknown","Data on valid dates, altnames, and id codes are not available.",0.442778962293,0.007255374062
"237",99,"HND","Honduras",1198,"Ocotepeque",15195,"La Encarnación",NA,NA,"HN.OC.LE",NA,"Municipio","Municipality","Unknown","Unknown","Data on valid dates, altnames, and id codes are not available.",0.3109426957,0.0030983266545
"238",99,"HND","Honduras",1198,"Ocotepeque",15196,"La Labor",NA,NA,"HN.OC.LL",NA,"Municipio","Municipality","Unknown","Unknown","Data on valid dates, altnames, and id codes are not available.",0.435300496376,0.009025315187
"239",99,"HND","Honduras",1198,"Ocotepeque",15197,"Lucerna",NA,NA,"HN.OC.LU",NA,"Municipio","Municipality","Unknown","Unknown","Data on valid dates, altnames, and id codes are not available.",0.779168844159,0.0100056987585
"240",99,"HND","Honduras",1198,"Ocotepeque",15198,"Mercedes",NA,NA,"HN.OC.ME",NA,"Municipio","Municipality","Unknown","Unknown","Data on valid dates, altnames, and id codes are not available.",0.586164221825,0.0069906814
"241",99,"HND","Honduras",1198,"Ocotepeque",15199,"Ocotepeque","Nueva Ocotepeque",NA,"HN.OC.OC",NA,"Municipio","Municipality","Unknown","Unknown","Data on valid dates, altnames, and id codes are not available.",0.668303761754,0.0155140805685
"242",99,"HND","Honduras",1198,"Ocotepeque",15200,"San Fernando",NA,NA,"HN.OC.SF",NA,"Municipio","Municipality","Unknown","Unknown","Data on valid dates, altnames, and id codes are not available.",0.382718271486,0.006249775447
"243",99,"HND","Honduras",1198,"Ocotepeque",15201,"San Francisco del Valle",NA,NA,"HN.OC.SV",NA,"Municipio","Municipality","Unknown","Unknown","Data on valid dates, altnames, and id codes are not available.",0.530887261216,0.0089043916215
"244",99,"HND","Honduras",1198,"Ocotepeque",15202,"San Jorge",NA,NA,"HN.OC.SJ",NA,"Municipio","Municipality","Unknown","Unknown","Data on valid dates, altnames, and id codes are not available.",0.352899999576,0.0042155792935
"245",99,"HND","Honduras",1198,"Ocotepeque",15203,"San Marcos",NA,NA,"HN.OC.SM",NA,"Municipio","Municipality","Unknown","Unknown","Data on valid dates, altnames, and id codes are not available.",0.791458506513,0.0142005833
"246",99,"HND","Honduras",1198,"Ocotepeque",15204,"Santa Fé",NA,NA,"HN.CL.SF",NA,"Municipio","Municipality","Unknown","Unknown","Data on valid dates, altnames, and id codes are not available.",0.53009926531,0.006577549871
"247",99,"HND","Honduras",1198,"Ocotepeque",15205,"Sensenti",NA,NA,"HN.OC.SE",NA,"Municipio","Municipality","Unknown","Unknown","Data on valid dates, altnames, and id codes are not available.",0.629872900356,0.0098751144035
"248",99,"HND","Honduras",1198,"Ocotepeque",15206,"Sinuapa",NA,NA,"HN.OC.SI",NA,"Municipio","Municipality","Unknown","Unknown","Data on valid dates, altnames, and id codes are not available.",0.644658728132,0.0122750980995
"249",99,"HND","Honduras",1199,"Olancho",15207,"Campamento",NA,NA,"HN.OL.CP",NA,"Municipio","Municipality","Unknown","Unknown","Data on valid dates, altnames, and id codes are not available.",0.8248567088,0.031946919604
"250",99,"HND","Honduras",1199,"Olancho",15208,"Catacamas",NA,NA,"HN.OL.CT",NA,"Municipio","Municipality","Unknown","Unknown","Data on valid dates, altnames, and id codes are not available.",4.49241167719,0.612486345749
"251",99,"HND","Honduras",1199,"Olancho",15209,"Concordia",NA,NA,"HN.OL.CO",NA,"Municipio","Municipality","Unknown","Unknown","Data on valid dates, altnames, and id codes are not available.",0.684319561081,0.019881861551
"252",99,"HND","Honduras",1199,"Olancho",15210,"Dulce Nombre de Culmí",NA,NA,"HN.OL.DN",NA,"Municipio","Municipality","Unknown","Unknown","Data on valid dates, altnames, and id codes are not available.",2.69302753776,0.246883087536
"253",99,"HND","Honduras",1199,"Olancho",15220,"Mangulile",NA,NA,"HN.OL.MG",NA,"Municipio","Municipality","Unknown","Unknown","Data on valid dates, altnames, and id codes are not available.",1.1307262093,0.036913160494
"254",99,"HND","Honduras",1199,"Olancho",15221,"Manto",NA,NA,"HN.OL.MT",NA,"Municipio","Municipality","Unknown","Unknown","Data on valid dates, altnames, and id codes are not available.",1.18175066828,0.044795144393
"255",99,"HND","Honduras",1199,"Olancho",15222,"Patuca",NA,NA,"HN.OL.PA",NA,"Municipio","Municipality","Unknown","Unknown","Data on valid dates, altnames, and id codes are not available.",1.29877415007,0.065586914909
"256",99,"HND","Honduras",1199,"Olancho",15223,"Salamá",NA,NA,"HN.OL.SA",NA,"Municipio","Municipality","Unknown","Unknown","Data on valid dates, altnames, and id codes are not available.",0.946576113903,0.0286159655445
"257",99,"HND","Honduras",1199,"Olancho",15224,"San Esteban",NA,NA,"HN.OL.SE",NA,"Municipio","Municipality","Unknown","Unknown","Data on valid dates, altnames, and id codes are not available.",1.94329184107,0.163069754589
"258",99,"HND","Honduras",1199,"Olancho",15225,"San Francisco de Becerra",NA,NA,"HN.OL.SB",NA,"Municipio","Municipality","Unknown","Unknown","Data on valid dates, altnames, and id codes are not available.",0.735016021637,0.025014217158
"259",99,"HND","Honduras",1199,"Olancho",15226,"San Francisco de la Paz",NA,NA,"HN.OL.SP",NA,"Municipio","Municipality","Unknown","Unknown","Data on valid dates, altnames, and id codes are not available.",0.832812954185,0.0425578188495
"260",99,"HND","Honduras",1200,"Santa Bárbara",15234,"Chinda",NA,NA,"HN.SB.CH",NA,"Municipio","Municipality","Unknown","Unknown","Data on valid dates, altnames, and id codes are not available.",0.550291850394,0.005564437356
"261",99,"HND","Honduras",1200,"Santa Bárbara",15235,"Concepción del Norte",NA,NA,"HN.SB.CN",NA,"Municipio","Municipality","Unknown","Unknown","Data on valid dates, altnames, and id codes are not available.",0.490023074912,0.0117769467035
"262",99,"HND","Honduras",1200,"Santa Bárbara",15236,"Concepción del Sur",NA,NA,"HN.SB.CS",NA,"Municipio","Municipality","Unknown","Unknown","Data on valid dates, altnames, and id codes are not available.",0.366448764421,0.004922119694
"263",99,"HND","Honduras",1200,"Santa Bárbara",15237,"El Nispero",NA,NA,"HN.SB.EN",NA,"Municipio","Municipality","Unknown","Unknown","Data on valid dates, altnames, and id codes are not available.",0.384852393109,0.0066264197505
"264",99,"HND","Honduras",1200,"Santa Bárbara",15238,"Gualala",NA,NA,"HN.SB.GU",NA,"Municipio","Municipality","Unknown","Unknown","Data on valid dates, altnames, and id codes are not available.",0.353599631992,0.005390315919
"265",99,"HND","Honduras",1200,"Santa Bárbara",15239,"Ilama",NA,NA,"HN.SB.IL",NA,"Municipio","Municipality","Unknown","Unknown","Data on valid dates, altnames, and id codes are not available.",0.587363996905,0.0153709853755
"266",99,"HND","Honduras",1200,"Santa Bárbara",15240,"Las Vegas",NA,NA,"HN.SB.LV",NA,"Municipio","Municipality","Unknown","Unknown","Data on valid dates, altnames, and id codes are not available.",0.515694703783,0.0104692315075
"267",99,"HND","Honduras",1200,"Santa Bárbara",15241,"Macuelizo",NA,NA,"HN.SB.MA",NA,"Municipio","Municipality","Unknown","Unknown","Data on valid dates, altnames, and id codes are not available.",0.716420665842,0.020582139487
"268",99,"HND","Honduras",1200,"Santa Bárbara",15242,"Naranjito",NA,NA,"HN.SB.NA",NA,"Municipio","Municipality","Unknown","Unknown","Data on valid dates, altnames, and id codes are not available.",0.520589424102,0.0118088545355
"269",99,"HND","Honduras",1200,"Santa Bárbara",15243,"Nueva Frontera",NA,NA,"HN.SB.NF",NA,"Municipio","Municipality","Unknown","Unknown","Data on valid dates, altnames, and id codes are not available.",0.494421424518,0.0137026325295
"270",99,"HND","Honduras",1200,"Santa Bárbara",15244,"Nuevo Celilac",NA,NA,"HN.SB.NC",NA,"Municipio","Municipality","Unknown","Unknown","Data on valid dates, altnames, and id codes are not available.",0.627614685088,0.0127132206705
"271",99,"HND","Honduras",1200,"Santa Bárbara",15245,"Petoa",NA,NA,"HN.SB.PE",NA,"Municipio","Municipality","Unknown","Unknown","Data on valid dates, altnames, and id codes are not available.",0.775018828781,0.017743546826
"272",99,"HND","Honduras",1200,"Santa Bárbara",15246,"Protección",NA,NA,"HN.SB.PR",NA,"Municipio","Municipality","Unknown","Unknown","Data on valid dates, altnames, and id codes are not available.",0.529818936283,0.01300036814
"273",99,"HND","Honduras",1200,"Santa Bárbara",15247,"Quimistán","QuimiSantan",NA,"HN.SB.QU",NA,"Municipio","Municipality","Unknown","Unknown","Data on valid dates, altnames, and id codes are not available.",1.27746914376,0.067615768443
"274",99,"HND","Honduras",1200,"Santa Bárbara",15248,"San Francisco de Ojuera",NA,NA,"HN.SB.SF",NA,"Municipio","Municipality","Unknown","Unknown","Data on valid dates, altnames, and id codes are not available.",0.642415026032,0.01540071417
"275",99,"HND","Honduras",1200,"Santa Bárbara",15249,"San José de Colinas","San Jose de Colimas",NA,"HN.SB.SJ",NA,"Municipio","Municipality","Unknown","Unknown","Data on valid dates, altnames, and id codes are not available.",0.772862956964,0.019246710652
"276",99,"HND","Honduras",1200,"Santa Bárbara",15250,"San Luis",NA,NA,"HN.CM.SL",NA,"Municipio","Municipality","Unknown","Unknown","Data on valid dates, altnames, and id codes are not available.",0.932674385439,0.033678887263
"277",99,"HND","Honduras",1200,"Santa Bárbara",15251,"San Marcos",NA,NA,"HN.OC.SM",NA,"Municipio","Municipality","Unknown","Unknown","Data on valid dates, altnames, and id codes are not available.",0.659068227759,0.0186969453995
"278",99,"HND","Honduras",1200,"Santa Bárbara",15252,"San Nicolás",NA,NA,"HN.CP.SN",NA,"Municipio","Municipality","Unknown","Unknown","Data on valid dates, altnames, and id codes are not available.",0.64648472704,0.0072732021445
"279",99,"HND","Honduras",1200,"Santa Bárbara",15253,"San Pedro Zacapa",NA,NA,"HN.SB.SP",NA,"Municipio","Municipality","Unknown","Unknown","Data on valid dates, altnames, and id codes are not available.",0.66496834513,0.0159360977635
"280",99,"HND","Honduras",1200,"Santa Bárbara",15254,"San Vicente Centenario",NA,NA,"HN.SB.SV",NA,"Municipio","Municipality","Unknown","Unknown","Data on valid dates, altnames, and id codes are not available.",0.25105930079,0.002759552965
"281",99,"HND","Honduras",1200,"Santa Bárbara",15255,"Santa Bárbara",NA,NA,"HN.SB.SB",NA,"Municipio","Municipality","Unknown","Unknown","Data on valid dates, altnames, and id codes are not available.",0.91565974325,0.0255245881555
"282",99,"HND","Honduras",1200,"Santa Bárbara",15256,"Santa Rita",NA,NA,"HN.CP.SR",NA,"Municipio","Municipality","Unknown","Unknown","Data on valid dates, altnames, and id codes are not available.",0.357127346776,0.00674921467
"283",99,"HND","Honduras",1200,"Santa Bárbara",15257,"Trinidad de Copán","Trinidad",NA,"HN.CP.TC",NA,"Municipio","Municipality","Unknown","Unknown","Data on valid dates, altnames, and id codes are not available.",0.829589299477,0.0173174063475
"284",99,"HND","Honduras",1201,"Valle",15258,"Alianza",NA,NA,"HN.VA.AL",NA,"Municipio","Municipality","Unknown","Unknown","Data on valid dates, altnames, and id codes are not available.",1.43642376104,0.016561303183
"285",99,"HND","Honduras",1201,"Valle",15259,"Amapala",NA,NA,"HN.VA.AM",NA,"Municipio","Municipality","Unknown","Unknown","Data on valid dates, altnames, and id codes are not available.",1.19214529774,0.0076773031415
"286",99,"HND","Honduras",1201,"Valle",15260,"Aramecina",NA,NA,"HN.VA.AR",NA,"Municipio","Municipality","Unknown","Unknown","Data on valid dates, altnames, and id codes are not available.",0.425874414948,0.0076556747305
"287",99,"HND","Honduras",1202,"Yoro",15267,"Arenal",NA,NA,"HN.YO.AR",NA,"Municipio","Municipality","Unknown","Unknown","Data on valid dates, altnames, and id codes are not available.",0.767654452094,0.0158035436095
"288",99,"HND","Honduras",1202,"Yoro",15268,"El Negrito",NA,NA,"HN.YO.EN",NA,"Municipio","Municipality","Unknown","Unknown","Data on valid dates, altnames, and id codes are not available.",1.42565670803,0.0420081749695
"289",99,"HND","Honduras",1202,"Yoro",15269,"El Progreso",NA,NA,"HN.YO.EP",NA,"Municipio","Municipality","Unknown","Unknown","Data on valid dates, altnames, and id codes are not available.",1.94144671081,0.046212873744
"290",99,"HND","Honduras",1202,"Yoro",15270,"Jocón",NA,NA,"HN.YO.JO",NA,"Municipio","Municipality","Unknown","Unknown","Data on valid dates, altnames, and id codes are not available.",0.89425731846,0.0313968409225
"291",99,"HND","Honduras",1202,"Yoro",15271,"Morazán",NA,NA,"HN.YO.MO",NA,"Municipio","Municipality","Unknown","Unknown","Data on valid dates, altnames, and id codes are not available.",1.16814556962,0.042691978874
"292",99,"HND","Honduras",1202,"Yoro",15272,"Olanchito",NA,NA,"HN.YO.OL",NA,"Municipio","Municipality","Unknown","Unknown","Data on valid dates, altnames, and id codes are not available.",3.0139748778,0.180575194297
"293",99,"HND","Honduras",1202,"Yoro",15273,"Santa Rita",NA,NA,"HN.CP.SR",NA,"Municipio","Municipality","Unknown","Unknown","Data on valid dates, altnames, and id codes are not available.",0.546978413939,0.0099291943625
"294",99,"HND","Honduras",1202,"Yoro",15274,"Sulaco",NA,NA,"HN.YO.SU",NA,"Municipio","Municipality","Unknown","Unknown","Data on valid dates, altnames, and id codes are not available.",0.794029826317,0.019591371887
"295",99,"HND","Honduras",1202,"Yoro",15275,"Victoria",NA,NA,"HN.YO.VI",NA,"Municipio","Municipality","Unknown","Unknown","Data on valid dates, altnames, and id codes are not available.",1.5919544593,0.060731987546
"296",99,"HND","Honduras",1202,"Yoro",15276,"Yorito",NA,NA,"HN.YO.YT",NA,"Municipio","Municipality","Unknown","Unknown","Data on valid dates, altnames, and id codes are not available.",0.732218131722,0.016882685463
"297",99,"HND","Honduras",1202,"Yoro",15277,"Yoro",NA,NA,"HN.YO.YO",NA,"Municipio","Municipality","Unknown","Unknown","Data on valid dates, altnames, and id codes are not available.",2.55145463569,0.189529939723
